option,seed,fold,ndcg10,pr_auc,roc_auc,fit_seconds,predict_seconds,size_mb,n_features,queries,base_model,feature_list,n_base_features
regularised linear | all 15 EDA features,44,0,0.17964169132303062,0.06101854138106828,0.8308289128466568,1.023090124130249,0.030705928802490234,0.000757,17,3334,regularised linear,all 15 EDA features,15
regularised linear | all 15 EDA features,44,1,0.18670914251932022,0.06121280631586331,0.8477260801870801,1.3070659637451172,0.027081966400146484,0.000757,17,3333,regularised linear,all 15 EDA features,15
regularised linear | all 15 EDA features,44,2,0.17440410177985236,0.056204818057425644,0.8348319442866664,0.9144570827484131,0.026234149932861328,0.000757,17,3333,regularised linear,all 15 EDA features,15
regularised linear | all 15 EDA features,45,0,0.17902051376668005,0.057611152378228905,0.8365103411788388,1.0069119930267334,0.03166604042053223,0.000757,17,3334,regularised linear,all 15 EDA features,15
regularised linear | all 15 EDA features,45,1,0.16185866924261982,0.05334680864365971,0.8340888947751202,1.3337907791137695,0.015359163284301758,0.000757,17,3333,regularised linear,all 15 EDA features,15
regularised linear | all 15 EDA features,45,2,0.1994066583305544,0.06768863212859977,0.847209431563602,1.365868091583252,0.022168874740600586,0.000757,17,3333,regularised linear,all 15 EDA features,15
LightGBM defaults (class weights) | all 15 EDA features,44,0,0.17900481961105186,0.0661654585112446,0.8370222330103099,2.8604469299316406,0.7367541790008545,0.354139,15,3334,LightGBM defaults (class weights),all 15 EDA features,15
LightGBM defaults (class weights) | all 15 EDA features,44,1,0.18564460830521953,0.06348745977360871,0.8547263700755354,2.6649436950683594,0.7317900657653809,0.354614,15,3333,LightGBM defaults (class weights),all 15 EDA features,15
LightGBM defaults (class weights) | all 15 EDA features,44,2,0.1749852508169891,0.06305908800740083,0.8462783221960599,2.6590123176574707,0.812716007232666,0.354257,15,3333,LightGBM defaults (class weights),all 15 EDA features,15
LightGBM defaults (class weights) | all 15 EDA features,45,0,0.18290763262357512,0.06285475744669763,0.8485459792320302,3.1687300205230713,0.9508829116821289,0.354296,15,3334,LightGBM defaults (class weights),all 15 EDA features,15
LightGBM defaults (class weights) | all 15 EDA features,45,1,0.1594583608551052,0.05539872983540699,0.8418610818040155,2.9887969493865967,0.744088888168335,0.354199,15,3333,LightGBM defaults (class weights),all 15 EDA features,15
LightGBM defaults (class weights) | all 15 EDA features,45,2,0.19745038096810108,0.07413477172405426,0.849560950195971,2.730318069458008,0.7392220497131348,0.354448,15,3333,LightGBM defaults (class weights),all 15 EDA features,15
regularised linear | stability-selection list (4),44,0,0.17843006579641352,0.05628606291992879,0.8118201058134856,0.5595238208770752,0.007041215896606445,0.000709,5,3334,regularised linear,stability-selection list (4),4
regularised linear | stability-selection list (4),44,1,0.18205843330005425,0.057048584695185596,0.8280954667633564,0.5542831420898438,0.0045070648193359375,0.000709,5,3333,regularised linear,stability-selection list (4),4
regularised linear | stability-selection list (4),44,2,0.17440168199798317,0.052813972095547855,0.8209992474328676,0.6218688488006592,0.006788015365600586,0.000709,5,3333,regularised linear,stability-selection list (4),4
regularised linear | stability-selection list (4),45,0,0.18030136045056472,0.053983739902728894,0.8228280022036237,0.5516929626464844,0.004601955413818359,0.000709,5,3334,regularised linear,stability-selection list (4),4
regularised linear | stability-selection list (4),45,1,0.15754457922306836,0.04917560001350124,0.8093210481541099,0.4147000312805176,0.004624128341674805,0.000709,5,3333,regularised linear,stability-selection list (4),4
regularised linear | stability-selection list (4),45,2,0.1968088145608159,0.06320202292501902,0.8259468063782602,0.5988659858703613,0.0044879913330078125,0.000709,5,3333,regularised linear,stability-selection list (4),4
LightGBM defaults (class weights) | stability-selection list (4),44,0,0.17789823603203275,0.058549735430439995,0.8264151398998693,2.054877996444702,0.6040458679199219,0.353416,4,3334,LightGBM defaults (class weights),stability-selection list (4),4
LightGBM defaults (class weights) | stability-selection list (4),44,1,0.18209319539064042,0.05695395335708429,0.8460686779505788,1.9243760108947754,0.6183071136474609,0.353778,4,3333,LightGBM defaults (class weights),stability-selection list (4),4
LightGBM defaults (class weights) | stability-selection list (4),44,2,0.17473548855876114,0.05688975217341655,0.8311324487941143,1.6943731307983398,0.5662820339202881,0.353474,4,3333,LightGBM defaults (class weights),stability-selection list (4),4
LightGBM defaults (class weights) | stability-selection list (4),45,0,0.17849805175194675,0.05631051244625186,0.8360068849396967,1.8005199432373047,0.6534600257873535,0.353975,4,3334,LightGBM defaults (class weights),stability-selection list (4),4
LightGBM defaults (class weights) | stability-selection list (4),45,1,0.15908686203970998,0.04971531611542787,0.8299885189671768,1.7588248252868652,0.5852768421173096,0.353602,4,3333,LightGBM defaults (class weights),stability-selection list (4),4
LightGBM defaults (class weights) | stability-selection list (4),45,2,0.19394301892697283,0.06641108154252409,0.8376574869999477,1.7800402641296387,0.5767641067504883,0.353702,4,3333,LightGBM defaults (class weights),stability-selection list (4),4
regularised linear | LightGBM recursive-elimination list (7),44,0,0.18136912495439983,0.05663979728107947,0.8314116986225689,0.5008878707885742,0.005652904510498047,0.000725,9,3334,regularised linear,LightGBM recursive-elimination list (7),7
regularised linear | LightGBM recursive-elimination list (7),44,1,0.18625043004653463,0.056315883021952035,0.84686095258864,0.4806690216064453,0.020753860473632812,0.000725,9,3333,regularised linear,LightGBM recursive-elimination list (7),7
regularised linear | LightGBM recursive-elimination list (7),44,2,0.17536534909278167,0.05136708168033937,0.8373054134069396,0.4744598865509033,0.006810188293457031,0.000725,9,3333,regularised linear,LightGBM recursive-elimination list (7),7
regularised linear | LightGBM recursive-elimination list (7),45,0,0.1834599191833802,0.053985569338441376,0.8412584645110712,0.4991469383239746,0.008772850036621094,0.000725,9,3334,regularised linear,LightGBM recursive-elimination list (7),7
regularised linear | LightGBM recursive-elimination list (7),45,1,0.1616811524207507,0.04772024208654577,0.8346743764643494,0.5902190208435059,0.005455970764160156,0.000725,9,3333,regularised linear,LightGBM recursive-elimination list (7),7
regularised linear | LightGBM recursive-elimination list (7),45,2,0.1979785420130936,0.06136320247123784,0.8433469414824126,0.44901609420776367,0.00538325309753418,0.000725,9,3333,regularised linear,LightGBM recursive-elimination list (7),7
LightGBM defaults (class weights) | LightGBM recursive-elimination list (7),44,0,0.18065048203358952,0.05799070848060201,0.8361560334793727,2.312742233276367,0.704024076461792,0.354159,7,3334,LightGBM defaults (class weights),LightGBM recursive-elimination list (7),7
LightGBM defaults (class weights) | LightGBM recursive-elimination list (7),44,1,0.18441465861781753,0.057580184844337766,0.8530135760905506,2.103752851486206,0.7067620754241943,0.354283,7,3333,LightGBM defaults (class weights),LightGBM recursive-elimination list (7),7
LightGBM defaults (class weights) | LightGBM recursive-elimination list (7),44,2,0.17500903950648208,0.05473818287108968,0.8429260565805123,1.9866328239440918,0.7030489444732666,0.354446,7,3333,LightGBM defaults (class weights),LightGBM recursive-elimination list (7),7
LightGBM defaults (class weights) | LightGBM recursive-elimination list (7),45,0,0.18246491262292547,0.05585793537708582,0.8475245855937257,2.0034210681915283,0.7682678699493408,0.354582,7,3334,LightGBM defaults (class weights),LightGBM recursive-elimination list (7),7
LightGBM defaults (class weights) | LightGBM recursive-elimination list (7),45,1,0.1607123648743733,0.05005128361398226,0.8381226755866023,2.013662099838257,0.7138068675994873,0.354401,7,3333,LightGBM defaults (class weights),LightGBM recursive-elimination list (7),7
LightGBM defaults (class weights) | LightGBM recursive-elimination list (7),45,2,0.19912065003472884,0.06620380648711584,0.8479727651498503,2.0023767948150635,0.7003669738769531,0.354337,7,3333,LightGBM defaults (class weights),LightGBM recursive-elimination list (7),7
regularised linear | union of both lists,44,0,0.17984394626581265,0.059289349989936097,0.8278670862752922,0.6025900840759277,0.005764961242675781,0.000729,10,3334,regularised linear,union of both lists,8
regularised linear | union of both lists,44,1,0.18157422653656655,0.05828495148287513,0.8403080886558694,0.5743019580841064,0.005759000778198242,0.000729,10,3333,regularised linear,union of both lists,8
regularised linear | union of both lists,44,2,0.17355819183496587,0.053468866390816994,0.8317008106664718,0.5756690502166748,0.010673999786376953,0.000729,10,3333,regularised linear,union of both lists,8
regularised linear | union of both lists,45,0,0.17932523595978817,0.055310151347385185,0.834312858303276,0.7481420040130615,0.0223538875579834,0.000729,10,3334,regularised linear,union of both lists,8
regularised linear | union of both lists,45,1,0.15929713327554007,0.051052175404349774,0.8262835364148331,0.5568752288818359,0.011667966842651367,0.000729,10,3333,regularised linear,union of both lists,8
regularised linear | union of both lists,45,2,0.19700721659424184,0.06444272448037824,0.8383795333894415,0.7192530632019043,0.00629878044128418,0.000729,10,3333,regularised linear,union of both lists,8
LightGBM defaults (class weights) | union of both lists,44,0,0.18093734498320863,0.05933328278948483,0.8377746686798311,1.7697279453277588,0.6830971240997314,0.353837,8,3334,LightGBM defaults (class weights),union of both lists,8
LightGBM defaults (class weights) | union of both lists,44,1,0.17979591945936665,0.05760525450738756,0.8543095549849543,2.1294400691986084,0.785999059677124,0.354048,8,3333,LightGBM defaults (class weights),union of both lists,8
LightGBM defaults (class weights) | union of both lists,44,2,0.173834421252985,0.05691474452020753,0.8427736500338383,2.534256935119629,0.6926600933074951,0.354226,8,3333,LightGBM defaults (class weights),union of both lists,8
LightGBM defaults (class weights) | union of both lists,45,0,0.1823984804321042,0.05620109984430408,0.8461431059850163,2.140064001083374,0.7174539566040039,0.354321,8,3334,LightGBM defaults (class weights),union of both lists,8
LightGBM defaults (class weights) | union of both lists,45,1,0.16048594363444837,0.05089415038663277,0.8397832357257446,2.0959959030151367,0.740739107131958,0.354049,8,3333,LightGBM defaults (class weights),union of both lists,8
LightGBM defaults (class weights) | union of both lists,45,2,0.1971279374615298,0.06628415263376135,0.848861288511802,2.1157970428466797,0.7107539176940918,0.353675,8,3333,LightGBM defaults (class weights),union of both lists,8
