option,seed,fold,ndcg10,pr_auc,roc_auc,fit_seconds,predict_seconds,size_mb,n_features,queries,model,config,params,method
linear SVM (linear kernel) | default,43,0,0.18030190025318174,0.052086402082707484,0.8239642339155371,0.2992250919342041,0.021144866943359375,0.000692,5,3334,linear SVM (linear kernel),default,{},Bayesian (TPE)
linear SVM (linear kernel) | default,43,1,0.18052714741862447,0.055676169564000254,0.8256791263933083,0.2560770511627197,0.01302194595336914,0.000692,5,3333,linear SVM (linear kernel),default,{},Bayesian (TPE)
linear SVM (linear kernel) | default,43,2,0.1761212150027191,0.05382007632718365,0.8265111916286074,0.20939016342163086,0.010349035263061523,0.000692,5,3333,linear SVM (linear kernel),default,{},Bayesian (TPE)
linear SVM (linear kernel) | default,44,0,0.18018389602732676,0.05500384933619216,0.8257568231101347,0.287097692489624,0.010759115219116211,0.000692,5,3334,linear SVM (linear kernel),default,{},Bayesian (TPE)
linear SVM (linear kernel) | default,44,1,0.18417884589979444,0.05608120208779712,0.8360693421803348,0.20083093643188477,0.013815164566040039,0.000692,5,3333,linear SVM (linear kernel),default,{},Bayesian (TPE)
linear SVM (linear kernel) | default,44,2,0.17306223872078888,0.0484457684393075,0.8311703389459203,0.26036930084228516,0.010301828384399414,0.000692,5,3333,linear SVM (linear kernel),default,{},Bayesian (TPE)
linear SVM (linear kernel) | default,45,0,0.18161525552904526,0.05218832350927747,0.8334509706534909,0.24515509605407715,0.010182857513427734,0.000692,5,3334,linear SVM (linear kernel),default,{},Bayesian (TPE)
linear SVM (linear kernel) | default,45,1,0.1585859401275996,0.047842621969844616,0.8178383714611059,0.2677490711212158,0.0101318359375,0.000692,5,3333,linear SVM (linear kernel),default,{},Bayesian (TPE)
linear SVM (linear kernel) | default,45,2,0.1981741170957495,0.06019799584146288,0.8335929544495568,0.2445688247680664,0.009971380233764648,0.000692,5,3333,linear SVM (linear kernel),default,{},Bayesian (TPE)
linear SVM (linear kernel) | tuned,43,0,0.18030190025318174,0.05208709169353764,0.8239621246029638,0.24342703819274902,0.00993800163269043,0.000692,5,3334,linear SVM (linear kernel),tuned,"{""C"": 0.04789240251631175}",Bayesian (TPE)
linear SVM (linear kernel) | tuned,43,1,0.18052714741862447,0.055686383801342464,0.8256772519132696,0.24906682968139648,0.012787342071533203,0.000692,5,3333,linear SVM (linear kernel),tuned,"{""C"": 0.04789240251631175}",Bayesian (TPE)
linear SVM (linear kernel) | tuned,43,2,0.1761212150027191,0.05382001102741284,0.8265078435419302,0.2309889793395996,0.01194310188293457,0.000692,5,3333,linear SVM (linear kernel),tuned,"{""C"": 0.04789240251631175}",Bayesian (TPE)
linear SVM (linear kernel) | tuned,44,0,0.18018220583848038,0.055005577986726666,0.8257509472591253,0.2733950614929199,0.010116815567016602,0.000692,5,3334,linear SVM (linear kernel),tuned,"{""C"": 0.04789240251631175}",Bayesian (TPE)
linear SVM (linear kernel) | tuned,44,1,0.18417884589979444,0.056081037892857975,0.8360670220988943,0.18533611297607422,0.009942054748535156,0.000692,5,3333,linear SVM (linear kernel),tuned,"{""C"": 0.04789240251631175}",Bayesian (TPE)
linear SVM (linear kernel) | tuned,44,2,0.17306223872078888,0.048446480170926294,0.8311727699196794,0.20822620391845703,0.009905099868774414,0.000692,5,3333,linear SVM (linear kernel),tuned,"{""C"": 0.04789240251631175}",Bayesian (TPE)
linear SVM (linear kernel) | tuned,45,0,0.18164037800146526,0.052188980364639904,0.8334467458765681,0.24325776100158691,0.010102033615112305,0.000692,5,3334,linear SVM (linear kernel),tuned,"{""C"": 0.04789240251631175}",Bayesian (TPE)
linear SVM (linear kernel) | tuned,45,1,0.1585859401275996,0.04784226869578869,0.817834918895542,0.26727724075317383,0.009933948516845703,0.000692,5,3333,linear SVM (linear kernel),tuned,"{""C"": 0.04789240251631175}",Bayesian (TPE)
linear SVM (linear kernel) | tuned,45,2,0.1981741170957495,0.060198125794577485,0.8335892146241632,0.2430579662322998,0.009925127029418945,0.000692,5,3333,linear SVM (linear kernel),tuned,"{""C"": 0.04789240251631175}",Bayesian (TPE)
regularised linear | default,43,0,0.17919944204139315,0.05390373419222449,0.8187110083249091,0.5574479103088379,0.007302045822143555,0.000709,5,3334,regularised linear,default,{},Bayesian (TPE)
regularised linear | default,43,1,0.1792317301207924,0.057156383450402234,0.8205833986662283,0.5635132789611816,0.0061299800872802734,0.000709,5,3333,regularised linear,default,{},Bayesian (TPE)
regularised linear | default,43,2,0.17589670160583804,0.055183109947015536,0.8214963143136208,0.5804297924041748,0.006382942199707031,0.000709,5,3333,regularised linear,default,{},Bayesian (TPE)
regularised linear | default,44,0,0.17843006579641352,0.05628606291992879,0.8118201058134856,0.560168981552124,0.004502058029174805,0.000709,5,3334,regularised linear,default,{},Bayesian (TPE)
regularised linear | default,44,1,0.18205843330005425,0.057048584695185596,0.8280954667633564,0.5568830966949463,0.004454135894775391,0.000709,5,3333,regularised linear,default,{},Bayesian (TPE)
regularised linear | default,44,2,0.17440168199798317,0.052813972095547855,0.8209992474328676,0.6284778118133545,0.0044727325439453125,0.000709,5,3333,regularised linear,default,{},Bayesian (TPE)
regularised linear | default,45,0,0.18030136045056472,0.053983739902728894,0.8228280022036237,0.5583879947662354,0.004483222961425781,0.000709,5,3334,regularised linear,default,{},Bayesian (TPE)
regularised linear | default,45,1,0.15754457922306836,0.04917560001350124,0.8093210481541099,0.4164879322052002,0.0045087337493896484,0.000709,5,3333,regularised linear,default,{},Bayesian (TPE)
regularised linear | default,45,2,0.1968088145608159,0.06320202292501902,0.8259468063782602,0.6061420440673828,0.004537820816040039,0.000709,5,3333,regularised linear,default,{},Bayesian (TPE)
regularised linear | tuned,43,0,0.1793212989221924,0.05384639809588024,0.8184807700615391,0.5568480491638184,0.00453495979309082,0.000709,5,3334,regularised linear,tuned,"{""C"": 0.011256455160077821}",Bayesian (TPE)
regularised linear | tuned,43,1,0.17910547431450502,0.05715157837424547,0.820199878944088,0.4879648685455322,0.004495859146118164,0.000709,5,3333,regularised linear,tuned,"{""C"": 0.011256455160077821}",Bayesian (TPE)
regularised linear | tuned,43,2,0.17595338417365236,0.0551974834410104,0.8211709062651239,0.5794758796691895,0.004493236541748047,0.000709,5,3333,regularised linear,tuned,"{""C"": 0.011256455160077821}",Bayesian (TPE)
regularised linear | tuned,44,0,0.17861967802301684,0.05630541908133085,0.8114788856492459,0.4941248893737793,0.004873037338256836,0.000709,5,3334,regularised linear,tuned,"{""C"": 0.011256455160077821}",Bayesian (TPE)
regularised linear | tuned,44,1,0.18207124490918816,0.05703290426494882,0.8283213852813525,0.4857771396636963,0.006247997283935547,0.000709,5,3333,regularised linear,tuned,"{""C"": 0.011256455160077821}",Bayesian (TPE)
regularised linear | tuned,44,2,0.17416420620705098,0.05277698169344134,0.8205250242024392,0.6021199226379395,0.004456043243408203,0.000709,5,3333,regularised linear,tuned,"{""C"": 0.011256455160077821}",Bayesian (TPE)
regularised linear | tuned,45,0,0.18012966413589562,0.05396262859701563,0.8224847579529119,0.5573709011077881,0.006551027297973633,0.000709,5,3334,regularised linear,tuned,"{""C"": 0.011256455160077821}",Bayesian (TPE)
regularised linear | tuned,45,1,0.15787497532746497,0.04895202866825243,0.8106247176856763,0.5814070701599121,0.004519939422607422,0.000709,5,3333,regularised linear,tuned,"{""C"": 0.011256455160077821}",Bayesian (TPE)
regularised linear | tuned,45,2,0.1968358496045421,0.0630829449161761,0.8259666399866366,0.5354471206665039,0.004487037658691406,0.000709,5,3333,regularised linear,tuned,"{""C"": 0.011256455160077821}",Bayesian (TPE)
deeper tree (depth 8) | default,43,0,0.17849549081686056,0.05518925913346773,0.8225863349300911,2.0124080181121826,0.02108907699584961,0.026058,5,3334,deeper tree (depth 8),default,{},Bayesian (TPE)
deeper tree (depth 8) | default,43,1,0.18045287207440128,0.054830043863926606,0.8303327428183203,2.226926803588867,0.021063804626464844,0.025418,5,3333,deeper tree (depth 8),default,{},Bayesian (TPE)
deeper tree (depth 8) | default,43,2,0.172831051575737,0.049719101497746325,0.8196912694744458,2.1711361408233643,0.02291393280029297,0.027018,5,3333,deeper tree (depth 8),default,{},Bayesian (TPE)
deeper tree (depth 8) | default,44,0,0.17892444645129074,0.05444737165651683,0.8151507455573752,1.9565660953521729,0.025897979736328125,0.028138,5,3334,deeper tree (depth 8),default,{},Bayesian (TPE)
deeper tree (depth 8) | default,44,1,0.18047824366702242,0.05262247958127049,0.8288969833290746,2.0662450790405273,0.021603822708129883,0.025098,5,3333,deeper tree (depth 8),default,{},Bayesian (TPE)
deeper tree (depth 8) | default,44,2,0.1738927027963553,0.052796833550212405,0.8268503528315678,2.1910550594329834,0.020704030990600586,0.027978,5,3333,deeper tree (depth 8),default,{},Bayesian (TPE)
deeper tree (depth 8) | default,45,0,0.1786628098343928,0.051634247858387515,0.8302457142246082,2.2038779258728027,0.03081798553466797,0.024618,5,3334,deeper tree (depth 8),default,{},Bayesian (TPE)
deeper tree (depth 8) | default,45,1,0.15786814472351718,0.04558353812940828,0.8178591242372576,2.1936159133911133,0.028164148330688477,0.024938,5,3333,deeper tree (depth 8),default,{},Bayesian (TPE)
deeper tree (depth 8) | default,45,2,0.19217691949144866,0.06081136302224496,0.8300998921382634,2.0908548831939697,0.02421116828918457,0.027818,5,3333,deeper tree (depth 8),default,{},Bayesian (TPE)
deeper tree (depth 8) | tuned,43,0,0.17996065834858807,0.05522072751898738,0.8309016007340113,1.9532051086425781,0.020040035247802734,0.016136,5,3334,deeper tree (depth 8),tuned,"{""max_depth"": 7, ""min_samples_leaf"": 560.3803105930285}",Bayesian (TPE)
deeper tree (depth 8) | tuned,43,1,0.17942855077943878,0.05392622411281831,0.8362665913990527,1.9186968803405762,0.020772695541381836,0.015496,5,3333,deeper tree (depth 8),tuned,"{""max_depth"": 7, ""min_samples_leaf"": 560.3803105930285}",Bayesian (TPE)
deeper tree (depth 8) | tuned,43,2,0.1740144812454078,0.05124166356980936,0.8269904335019662,1.751305103302002,0.021491289138793945,0.016456,5,3333,deeper tree (depth 8),tuned,"{""max_depth"": 7, ""min_samples_leaf"": 560.3803105930285}",Bayesian (TPE)
deeper tree (depth 8) | tuned,44,0,0.1778024549847859,0.05379041506066569,0.8244894845163638,2.0723049640655518,0.02965831756591797,0.016936,5,3334,deeper tree (depth 8),tuned,"{""max_depth"": 7, ""min_samples_leaf"": 560.3803105930285}",Bayesian (TPE)
deeper tree (depth 8) | tuned,44,1,0.18084239059593007,0.05355631196794991,0.8392956290944554,1.7970318794250488,0.01833486557006836,0.015336,5,3333,deeper tree (depth 8),tuned,"{""max_depth"": 7, ""min_samples_leaf"": 560.3803105930285}",Bayesian (TPE)
deeper tree (depth 8) | tuned,44,2,0.17338645945388426,0.05165429002413094,0.8328861642596314,1.9064903259277344,0.018787622451782227,0.015976,5,3333,deeper tree (depth 8),tuned,"{""max_depth"": 7, ""min_samples_leaf"": 560.3803105930285}",Bayesian (TPE)
deeper tree (depth 8) | tuned,45,0,0.17903267620396732,0.05098494129415859,0.8380760411089281,1.8983962535858154,0.026576995849609375,0.015976,5,3334,deeper tree (depth 8),tuned,"{""max_depth"": 7, ""min_samples_leaf"": 560.3803105930285}",Bayesian (TPE)
deeper tree (depth 8) | tuned,45,1,0.15938681016613848,0.046002206113997426,0.825978357122006,1.8107426166534424,0.01835799217224121,0.016456,5,3333,deeper tree (depth 8),tuned,"{""max_depth"": 7, ""min_samples_leaf"": 560.3803105930285}",Bayesian (TPE)
deeper tree (depth 8) | tuned,45,2,0.19388446377131996,0.061151317186235433,0.8377759934911798,1.9132301807403564,0.026874065399169922,0.016456,5,3333,deeper tree (depth 8),tuned,"{""max_depth"": 7, ""min_samples_leaf"": 560.3803105930285}",Bayesian (TPE)
histogram gradient boosting (scikit-learn) | default,43,0,0.18450142523429092,0.05830618487846133,0.8391445932011248,3.2253880500793457,0.31388115882873535,0.191192,4,3334,histogram gradient boosting (scikit-learn),default,{},random search (widened)
histogram gradient boosting (scikit-learn) | default,43,1,0.1804980484297549,0.05843923256712993,0.8416943550070335,2.592527151107788,0.2634732723236084,0.194718,4,3333,histogram gradient boosting (scikit-learn),default,{},random search (widened)
histogram gradient boosting (scikit-learn) | default,43,2,0.1759763657107442,0.053579406089061116,0.8372777286792412,2.3563859462738037,0.24182510375976562,0.162712,4,3333,histogram gradient boosting (scikit-learn),default,{},random search (widened)
histogram gradient boosting (scikit-learn) | default,44,0,0.1794986822248342,0.05852340204303343,0.8283128023728121,2.7005808353424072,0.2862660884857178,0.212549,4,3334,histogram gradient boosting (scikit-learn),default,{},random search (widened)
histogram gradient boosting (scikit-learn) | default,44,1,0.1848539590634584,0.05674432934756158,0.8489268714843685,2.116008996963501,0.21741485595703125,0.14848,4,3333,histogram gradient boosting (scikit-learn),default,{},random search (widened)
histogram gradient boosting (scikit-learn) | default,44,2,0.17786070223031816,0.05420743909511291,0.8361065872814818,2.293351888656616,0.25769591331481934,0.144914,4,3333,histogram gradient boosting (scikit-learn),default,{},random search (widened)
histogram gradient boosting (scikit-learn) | default,45,0,0.1804796014254245,0.056689648955854495,0.8413232593872785,2.3680429458618164,0.39925503730773926,0.159162,4,3334,histogram gradient boosting (scikit-learn),default,{},random search (widened)
histogram gradient boosting (scikit-learn) | default,45,1,0.16140211941030155,0.04790255478049432,0.834075838309661,3.311117172241211,0.36671876907348633,0.16272,4,3333,histogram gradient boosting (scikit-learn),default,{},random search (widened)
histogram gradient boosting (scikit-learn) | default,45,2,0.20166425513679528,0.06541281511000822,0.8413498573830046,3.7240147590637207,0.2910189628601074,0.159138,4,3333,histogram gradient boosting (scikit-learn),default,{},random search (widened)
histogram gradient boosting (scikit-learn) | tuned,43,0,0.18430207376732524,0.06160858401277591,0.8408898564617698,11.687076091766357,1.3391737937927246,0.589556,4,3334,histogram gradient boosting (scikit-learn),tuned,"{""learning_rate"": 0.020539627611859592, ""max_iter"": 369, ""max_leaf_nodes"": 24, ""min_samples_leaf"": 556.0294432647531, ""l2"": 0.00048436533193497777}",random search (widened)
histogram gradient boosting (scikit-learn) | tuned,43,1,0.18337633379072002,0.05707919961455681,0.8429173971689603,11.749068021774292,1.362734079360962,0.556236,4,3333,histogram gradient boosting (scikit-learn),tuned,"{""learning_rate"": 0.020539627611859592, ""max_iter"": 369, ""max_leaf_nodes"": 24, ""min_samples_leaf"": 556.0294432647531, ""l2"": 0.00048436533193497777}",random search (widened)
histogram gradient boosting (scikit-learn) | tuned,43,2,0.1770627993860362,0.05467292547536632,0.8387670182452078,11.536145210266113,1.2108018398284912,0.592314,4,3333,histogram gradient boosting (scikit-learn),tuned,"{""learning_rate"": 0.020539627611859592, ""max_iter"": 369, ""max_leaf_nodes"": 24, ""min_samples_leaf"": 556.0294432647531, ""l2"": 0.00048436533193497777}",random search (widened)
histogram gradient boosting (scikit-learn) | tuned,44,0,0.18061522071920455,0.06051606848921377,0.8299385049190551,12.427792072296143,2.265000104904175,0.769895,4,3334,histogram gradient boosting (scikit-learn),tuned,"{""learning_rate"": 0.020539627611859592, ""max_iter"": 369, ""max_leaf_nodes"": 24, ""min_samples_leaf"": 556.0294432647531, ""l2"": 0.00048436533193497777}",random search (widened)
histogram gradient boosting (scikit-learn) | tuned,44,1,0.18555678740866832,0.057610886779612416,0.8507572297582722,11.820706844329834,1.507091999053955,0.53406,4,3333,histogram gradient boosting (scikit-learn),tuned,"{""learning_rate"": 0.020539627611859592, ""max_iter"": 369, ""max_leaf_nodes"": 24, ""min_samples_leaf"": 556.0294432647531, ""l2"": 0.00048436533193497777}",random search (widened)
histogram gradient boosting (scikit-learn) | tuned,44,2,0.17798238030283967,0.053740920039888736,0.8357101020483831,9.28012204170227,1.0238499641418457,0.464693,4,3333,histogram gradient boosting (scikit-learn),tuned,"{""learning_rate"": 0.020539627611859592, ""max_iter"": 369, ""max_leaf_nodes"": 24, ""min_samples_leaf"": 556.0294432647531, ""l2"": 0.00048436533193497777}",random search (widened)
histogram gradient boosting (scikit-learn) | tuned,45,0,0.18306633491722632,0.056510915494745545,0.843185536667906,10.073111057281494,1.2356030941009521,0.503545,4,3334,histogram gradient boosting (scikit-learn),tuned,"{""learning_rate"": 0.020539627611859592, ""max_iter"": 369, ""max_leaf_nodes"": 24, ""min_samples_leaf"": 556.0294432647531, ""l2"": 0.00048436533193497777}",random search (widened)
histogram gradient boosting (scikit-learn) | tuned,45,1,0.16150008172061484,0.05068914598006289,0.8344459637518993,12.128880977630615,1.7754712104797363,0.645037,4,3333,histogram gradient boosting (scikit-learn),tuned,"{""learning_rate"": 0.020539627611859592, ""max_iter"": 369, ""max_leaf_nodes"": 24, ""min_samples_leaf"": 556.0294432647531, ""l2"": 0.00048436533193497777}",random search (widened)
histogram gradient boosting (scikit-learn) | tuned,45,2,0.20082009692745645,0.06605985339498907,0.8423927224818956,10.44680118560791,1.0449860095977783,0.589524,4,3333,histogram gradient boosting (scikit-learn),tuned,"{""learning_rate"": 0.020539627611859592, ""max_iter"": 369, ""max_leaf_nodes"": 24, ""min_samples_leaf"": 556.0294432647531, ""l2"": 0.00048436533193497777}",random search (widened)
extra trees | default,43,0,0.1831168008558421,0.05594000987461971,0.8378266591413263,4.2438740730285645,0.8183259963989258,9.931702,5,3334,extra trees,default,{},small grid
extra trees | default,43,1,0.1831416159616862,0.057843401871312754,0.8411909319166118,3.8687639236450195,1.0027201175689697,9.649652,5,3333,extra trees,default,{},small grid
extra trees | default,43,2,0.17487207164032562,0.05607816215711285,0.8370927185522838,2.847799062728882,0.9414122104644775,9.505468,5,3333,extra trees,default,{},small grid
extra trees | default,44,0,0.18290732438653548,0.057464536133466325,0.83120020406951,2.7805981636047363,0.7625341415405273,9.377314,5,3334,extra trees,default,{},small grid
extra trees | default,44,1,0.18312714133372548,0.058443655999978084,0.8473570524528526,3.2222468852996826,0.7711830139160156,9.628843,5,3333,extra trees,default,{},small grid
extra trees | default,44,2,0.1781532997850814,0.056406565709728664,0.8351979435424627,3.53267502784729,0.8232870101928711,9.514244,5,3333,extra trees,default,{},small grid
extra trees | default,45,0,0.1828141895901776,0.05528561849588664,0.8421230845947595,2.6259000301361084,0.7191200256347656,9.606434,5,3334,extra trees,default,{},small grid
extra trees | default,45,1,0.16000373451351377,0.05031924247587021,0.8337664216801799,2.6310482025146484,0.746973991394043,9.875409,5,3333,extra trees,default,{},small grid
extra trees | default,45,2,0.19909941004958703,0.0646456618397713,0.8379914855099507,2.799304962158203,0.7135891914367676,9.390241,5,3333,extra trees,default,{},small grid
extra trees | tuned,43,0,0.18352964208769856,0.05482669047688544,0.8386040404650851,1.7020421028137207,0.4338951110839844,3.567989,5,3334,extra trees,tuned,"{""max_depth"": 8, ""min_samples_leaf"": 500, ""max_features"": 0.5}",small grid
extra trees | tuned,43,1,0.18514014487778893,0.05475770005515198,0.8415018570191668,2.1824169158935547,0.40512895584106445,3.559183,5,3333,extra trees,tuned,"{""max_depth"": 8, ""min_samples_leaf"": 500, ""max_features"": 0.5}",small grid
extra trees | tuned,43,2,0.17733786928070697,0.05378908986136261,0.837191062038698,1.6192281246185303,0.37001991271972656,3.537577,5,3333,extra trees,tuned,"{""max_depth"": 8, ""min_samples_leaf"": 500, ""max_features"": 0.5}",small grid
extra trees | tuned,44,0,0.18225656556238065,0.055107728437129716,0.8315976397436123,1.428218126296997,0.4305112361907959,3.546712,5,3334,extra trees,tuned,"{""max_depth"": 8, ""min_samples_leaf"": 500, ""max_features"": 0.5}",small grid
extra trees | tuned,44,1,0.18578856904612748,0.05583129649880045,0.8524301719953429,1.6089301109313965,0.4098548889160156,3.55438,5,3333,extra trees,tuned,"{""max_depth"": 8, ""min_samples_leaf"": 500, ""max_features"": 0.5}",small grid
extra trees | tuned,44,2,0.178644056479663,0.05262425073332826,0.8356809129880608,1.7068071365356445,0.3978078365325928,3.551183,5,3333,extra trees,tuned,"{""max_depth"": 8, ""min_samples_leaf"": 500, ""max_features"": 0.5}",small grid
extra trees | tuned,45,0,0.1847618867898242,0.05368889934036528,0.8443741783183182,1.801177978515625,0.5002679824829102,3.550069,5,3334,extra trees,tuned,"{""max_depth"": 8, ""min_samples_leaf"": 500, ""max_features"": 0.5}",small grid
extra trees | tuned,45,1,0.16153425712645345,0.047234138304276266,0.8346422617301689,2.764918804168701,0.5204992294311523,3.565112,5,3333,extra trees,tuned,"{""max_depth"": 8, ""min_samples_leaf"": 500, ""max_features"": 0.5}",small grid
extra trees | tuned,45,2,0.2013830723214914,0.06116698194009873,0.8393571799264468,3.210390090942383,0.6464779376983643,3.54734,5,3333,extra trees,tuned,"{""max_depth"": 8, ""min_samples_leaf"": 500, ""max_features"": 0.5}",small grid
