variant,trial,params,ndcg10_tuning,fit_seconds
"lambdarank, all features",0,{},0.20912916593002728,103.49516892433167
"lambdarank, all features",1,"{""learning_rate"": 0.11884640362789968, ""num_leaves"": 65, ""min_data_in_leaf"": 317, ""feature_fraction"": 0.8486840145296819}",0.2021206317157129,103.24785423278809
"lambdarank, all features",2,"{""learning_rate"": 0.024843189010688403, ""num_leaves"": 46, ""min_data_in_leaf"": 462, ""feature_fraction"": 0.8805698509951765}",0.20944796460364906,147.59378790855408
"lambdarank, all features",3,"{""learning_rate"": 0.12220649855884151, ""num_leaves"": 53, ""min_data_in_leaf"": 85, ""feature_fraction"": 0.6853990121162906}",0.20115816771900896,100.7389760017395
"lambdarank, all features",4,"{""learning_rate"": 0.16896431209461932, ""num_leaves"": 19, ""min_data_in_leaf"": 158, ""feature_fraction"": 0.911380806635415}",0.2041840292413016,103.1685299873352
"lambdarank, all features",5,"{""learning_rate"": 0.055519327190350624, ""num_leaves"": 47, ""min_data_in_leaf"": 119, ""feature_fraction"": 0.5319086280520877}",0.20808728284647368,97.8379259109497
"lambdarank, all features",6,"{""learning_rate"": 0.13448107363625075, ""num_leaves"": 27, ""min_data_in_leaf"": 152, ""feature_fraction"": 0.8790438700426869}",0.204604848236109,102.12507486343384
"lambdarank, all features",7,"{""learning_rate"": 0.04524347599516919, ""num_leaves"": 13, ""min_data_in_leaf"": 354, ""feature_fraction"": 0.889191748536881}",0.20828997259171364,101.13340902328491
"lambdarank, all features",8,"{""learning_rate"": 0.03130896445250262, ""num_leaves"": 93, ""min_data_in_leaf"": 89, ""feature_fraction"": 0.5219018828936144}",0.2068727464505112,114.10941004753113
"lambdarank, all features",9,"{""learning_rate"": 0.028531163841435885, ""num_leaves"": 73, ""min_data_in_leaf"": 219, ""feature_fraction"": 0.983754866217105}",0.2082691919699436,125.25167894363403
"lambdarank, all features",10,"{""learning_rate"": 0.042350189094200526, ""num_leaves"": 68, ""min_data_in_leaf"": 65, ""feature_fraction"": 0.734777905637904}",0.2063652635654992,112.90654301643372
"lambdarank, all features",11,"{""learning_rate"": 0.030938649665106434, ""num_leaves"": 48, ""min_data_in_leaf"": 92, ""feature_fraction"": 0.6134546745254421}",0.20958162818408346,105.07967209815979
"lambdarank, all features",12,"{""learning_rate"": 0.09350697129207186, ""num_leaves"": 19, ""min_data_in_leaf"": 81, ""feature_fraction"": 0.9163390980289188}",0.20776276052097983,101.57330012321472
"binary logloss, all features",0,{},0.20687286296627608,63.491973876953125
"binary logloss, all features",1,"{""learning_rate"": 0.1002986523381775, ""num_leaves"": 16, ""min_data_in_leaf"": 291, ""feature_fraction"": 0.902382178748401}",0.2042546301071854,50.83772397041321
"binary logloss, all features",2,"{""learning_rate"": 0.04880995133973972, ""num_leaves"": 35, ""min_data_in_leaf"": 50, ""feature_fraction"": 0.8412477519874877}",0.20546544705014175,61.20616793632507
"binary logloss, all features",3,"{""learning_rate"": 0.027591955394454103, ""num_leaves"": 81, ""min_data_in_leaf"": 20, ""feature_fraction"": 0.8934621887510692}",0.20713921325855664,93.60937213897705
"binary logloss, all features",4,"{""learning_rate"": 0.09244445198071344, ""num_leaves"": 25, ""min_data_in_leaf"": 193, ""feature_fraction"": 0.890364515510984}",0.20570221810410302,52.426568269729614
"binary logloss, all features",5,"{""learning_rate"": 0.05753680886974317, ""num_leaves"": 52, ""min_data_in_leaf"": 31, ""feature_fraction"": 0.5572650367679868}",0.19715648397954375,61.02596688270569
"binary logloss, all features",6,"{""learning_rate"": 0.0932036579662076, ""num_leaves"": 58, ""min_data_in_leaf"": 91, ""feature_fraction"": 0.7826180532405944}",0.19557514589956487,60.88031578063965
"binary logloss, all features",7,"{""learning_rate"": 0.1164203372638755, ""num_leaves"": 58, ""min_data_in_leaf"": 118, ""feature_fraction"": 0.7796035803727068}",0.18689811904289808,61.096349000930786
"binary logloss, all features",8,"{""learning_rate"": 0.04026985758554492, ""num_leaves"": 63, ""min_data_in_leaf"": 22, ""feature_fraction"": 0.7183586946161812}",0.20008666841619446,71.05986499786377
"binary logloss, all features",9,"{""learning_rate"": 0.03278043168454925, ""num_leaves"": 32, ""min_data_in_leaf"": 311, ""feature_fraction"": 0.6169697429326704}",0.20634347289430813,69.99434232711792
"binary logloss, all features",10,"{""learning_rate"": 0.022873505997589794, ""num_leaves"": 43, ""min_data_in_leaf"": 49, ""feature_fraction"": 0.6467968788833418}",0.20864109343312456,71.80348086357117
"binary logloss, all features",11,"{""learning_rate"": 0.09182194975868456, ""num_leaves"": 19, ""min_data_in_leaf"": 249, ""feature_fraction"": 0.8321567701636938}",0.20528661078176855,51.75904822349548
"binary logloss, all features",12,"{""learning_rate"": 0.050981998646176835, ""num_leaves"": 57, ""min_data_in_leaf"": 274, ""feature_fraction"": 0.583486459953852}",0.20486338586442251,62.749025106430054
"lambdarank, without Two-Tower features",0,{},0.2092230087189079,102.66812300682068
"lambdarank, without Two-Tower features",1,"{""learning_rate"": 0.02107376189476828, ""num_leaves"": 17, ""min_data_in_leaf"": 204, ""feature_fraction"": 0.7309386151256937}",0.20848075658583315,90.67514395713806
"lambdarank, without Two-Tower features",2,"{""learning_rate"": 0.028993575410585698, ""num_leaves"": 15, ""min_data_in_leaf"": 100, ""feature_fraction"": 0.5761560513565842}",0.2099783528290507,94.42908811569214
"lambdarank, without Two-Tower features",3,"{""learning_rate"": 0.09939175764580327, ""num_leaves"": 51, ""min_data_in_leaf"": 68, ""feature_fraction"": 0.6507560445739382}",0.20489867177602633,91.04809784889221
"lambdarank, without Two-Tower features",4,"{""learning_rate"": 0.0853714364324199, ""num_leaves"": 47, ""min_data_in_leaf"": 64, ""feature_fraction"": 0.5438249596580504}",0.2077145518854766,84.15728688240051
"lambdarank, without Two-Tower features",5,"{""learning_rate"": 0.02624435464227563, ""num_leaves"": 37, ""min_data_in_leaf"": 372, ""feature_fraction"": 0.8498535669053748}",0.2089083285766962,95.62763404846191
"lambdarank, without Two-Tower features",6,"{""learning_rate"": 0.03688926116994118, ""num_leaves"": 92, ""min_data_in_leaf"": 452, ""feature_fraction"": 0.8893754519828974}",0.20980520940687566,103.92613816261292
"lambdarank, without Two-Tower features",7,"{""learning_rate"": 0.1042125888608324, ""num_leaves"": 77, ""min_data_in_leaf"": 48, ""feature_fraction"": 0.5481954810767496}",0.2019823005208612,87.38748025894165
"lambdarank, without Two-Tower features",8,"{""learning_rate"": 0.15982046584245266, ""num_leaves"": 47, ""min_data_in_leaf"": 86, ""feature_fraction"": 0.6011816823976152}",0.1990480139365208,81.88825702667236
"lambdarank, without Two-Tower features",9,"{""learning_rate"": 0.04045634273045875, ""num_leaves"": 79, ""min_data_in_leaf"": 35, ""feature_fraction"": 0.9283071420461877}",0.20526277547842045,102.24724316596985
"lambdarank, without Two-Tower features",10,"{""learning_rate"": 0.11469633098485317, ""num_leaves"": 58, ""min_data_in_leaf"": 202, ""feature_fraction"": 0.7160465198875519}",0.20535106372972586,91.75933480262756
"lambdarank, without Two-Tower features",11,"{""learning_rate"": 0.08478886785272113, ""num_leaves"": 20, ""min_data_in_leaf"": 161, ""feature_fraction"": 0.5422221605699445}",0.20919822764837737,94.18778014183044
"lambdarank, without Two-Tower features",12,"{""learning_rate"": 0.052099960955716944, ""num_leaves"": 59, ""min_data_in_leaf"": 22, ""feature_fraction"": 0.7469954096222595}",0.2061712541938199,91.65369391441345
