step,ablation,ndcg10,difference
4,in-batch negatives + logQ (tuned),0.0536712597610338,"-0.1495 vs co-visitation [-0.1524, -0.1466]"
4,+ same-category hard negatives,0.05394345281374064,"-0.1493 vs co-visitation [-0.1521, -0.1464]"
5,"pool: Two-Tower only, 300 candidates",,recall 0.4527 (-0.1943 vs best)
5,"pool: co-visitation only, 300 candidates",,recall 0.6470 (+0.0000 vs best)
5,"pool: union (RRF), 300 candidates",,recall 0.6442 (-0.0028 vs best)
5,"pool: union (quota: 2/3 co-visitation, 1/3 Two-Tower), 300 candidates",,recall 0.6447 (-0.0023 vs best)
6,"lambdarank, without Two-Tower features",0.20544010244660743,"+0.0022 vs co-visitation [+0.0014, +0.0031]"
6,"lambdarank, all features",0.20537169455389517,"+0.0022 vs co-visitation [+0.0012, +0.0032]"
6,"binary logloss, all features",0.20524908970713324,"+0.0020 vs co-visitation [+0.0011, +0.0029]"
7,MMoE / OTTO weights,0.20124323503455652,"-0.0042 vs LightGBM [-0.0054, -0.0031]"
7,MMoE / tuned weights,0.20306902689951012,"-0.0024 vs LightGBM [-0.0035, -0.0014]"
7,shared-bottom multi-task / OTTO weights,0.20215087138366047,"-0.0033 vs LightGBM [-0.0044, -0.0023]"
7,shared-bottom multi-task / tuned weights,0.20210483744444097,"-0.0033 vs LightGBM [-0.0044, -0.0023]"
7,single-task (one model per head) / OTTO weights,0.203262381689415,"-0.0022 vs LightGBM [-0.0033, -0.0011]"
7,single-task (one model per head) / tuned weights,0.20402324357274307,"-0.0014 vs LightGBM [-0.0025, -0.0005]"
8,"click model, eta 0.5, clip 1 (naive)",0.513327542326606,+0.0000 vs naive
8,"click model, eta 0.5, clip 2",0.5068537437536842,-0.0065 vs naive
8,"click model, eta 0.5, clip 5",0.4911300876478446,-0.0222 vs naive
8,"click model, eta 0.5, clip 10",0.4911300876478446,-0.0222 vs naive
8,"click model, eta 0.5, clip 20",0.4911300876478446,-0.0222 vs naive
8,"click model, eta 0.5, clip none",0.4911300876478446,-0.0222 vs naive
8,"click model, eta 1.0, clip 1 (naive)",0.46924219291216973,+0.0000 vs naive
8,"click model, eta 1.0, clip 2",0.47220746965993926,+0.0030 vs naive
8,"click model, eta 1.0, clip 5",0.46554951471525585,-0.0037 vs naive
8,"click model, eta 1.0, clip 10",0.45901469674794326,-0.0102 vs naive
8,"click model, eta 1.0, clip 20",0.452032933303301,-0.0172 vs naive
8,"click model, eta 1.0, clip none",0.452032933303301,-0.0172 vs naive
8,"click model, eta 2.0, clip 1 (naive)",0.45200529127798916,+0.0000 vs naive
8,"click model, eta 2.0, clip 2",0.453088899048954,+0.0011 vs naive
8,"click model, eta 2.0, clip 5",0.4491906568531078,-0.0028 vs naive
8,"click model, eta 2.0, clip 10",0.4443717323308906,-0.0076 vs naive
8,"click model, eta 2.0, clip 20",0.44532625814890425,-0.0067 vs naive
8,"click model, eta 2.0, clip none",0.4313877397136384,-0.0206 vs naive
