family,trial,params,ndcg10_tuning,train_seconds,parameters
MMoE,0,"{""n_cross"": 3, ""n_experts"": 4, ""expert_dim"": 32, ""lr"": 0.0023741294021487505, ""tw"": [1.0, 1.0, 1.0]}",0.29582508795072576,117.78468680381775,14017
MMoE,1,"{""n_cross"": 2, ""n_experts"": 4, ""expert_dim"": 32, ""lr"": 0.002933598036357417, ""tw"": [1.0, 2.0, 4.0]}",0.28621823342393327,45.431565046310425,13315
MMoE,2,"{""n_cross"": 1, ""n_experts"": 4, ""expert_dim"": 32, ""lr"": 0.0034468658205919363, ""tw"": [1.0, 2.0, 4.0]}",0.2953200423687247,43.33374214172363,12613
MMoE,3,"{""n_cross"": 1, ""n_experts"": 2, ""expert_dim"": 32, ""lr"": 0.0027081705137991206, ""tw"": [1.0, 2.0, 4.0]}",0.29522713645846893,34.03161692619324,8611
MMoE,4,"{""n_cross"": 1, ""n_experts"": 4, ""expert_dim"": 64, ""lr"": 0.001216163989723636, ""tw"": [1.0, 2.0, 4.0]}",0.29126374739959504,60.97202491760254,31557
MMoE,5,"{""n_cross"": 1, ""n_experts"": 8, ""expert_dim"": 32, ""lr"": 0.0032570805611402084, ""tw"": [1.0, 2.0, 4.0]}",0.2968703805243458,66.73250031471252,20617
shared-bottom multi-task,0,"{""n_cross"": 3, ""n_experts"": 4, ""expert_dim"": 32, ""lr"": 0.0023741294021487505, ""tw"": [1.0, 1.0, 1.0]}",0.2967010554333193,24.418867826461792,7933
shared-bottom multi-task,1,"{""n_cross"": 2, ""n_experts"": 4, ""expert_dim"": 32, ""lr"": 0.002933598036357417, ""tw"": [1.0, 2.0, 4.0]}",0.28863559649319714,22.448893308639526,7231
shared-bottom multi-task,2,"{""n_cross"": 1, ""n_experts"": 4, ""expert_dim"": 32, ""lr"": 0.0034468658205919363, ""tw"": [1.0, 2.0, 4.0]}",0.29966213822235355,19.935405254364014,6529
shared-bottom multi-task,3,"{""n_cross"": 1, ""n_experts"": 2, ""expert_dim"": 32, ""lr"": 0.0027081705137991206, ""tw"": [1.0, 2.0, 4.0]}",0.2934966012081993,19.950000047683716,6529
shared-bottom multi-task,4,"{""n_cross"": 1, ""n_experts"": 4, ""expert_dim"": 64, ""lr"": 0.001216163989723636, ""tw"": [1.0, 2.0, 4.0]}",0.2867078709948226,23.83219003677368,13569
shared-bottom multi-task,5,"{""n_cross"": 1, ""n_experts"": 8, ""expert_dim"": 32, ""lr"": 0.0032570805611402084, ""tw"": [1.0, 2.0, 4.0]}",0.2980574025968156,19.8069269657135,6529
single-task (one model per head),0,"{""n_cross"": 3, ""n_experts"": 4, ""expert_dim"": 32, ""lr"": 0.0023741294021487505, ""tw"": [1.0, 1.0, 1.0]}",0.2943940828944268,55.652183055877686,17265
single-task (one model per head),1,"{""n_cross"": 2, ""n_experts"": 4, ""expert_dim"": 32, ""lr"": 0.002933598036357417, ""tw"": [1.0, 2.0, 4.0]}",0.2880808274753824,58.28619146347046,15159
single-task (one model per head),2,"{""n_cross"": 1, ""n_experts"": 4, ""expert_dim"": 32, ""lr"": 0.0034468658205919363, ""tw"": [1.0, 2.0, 4.0]}",0.3003099116805084,44.215815782547,13053
single-task (one model per head),3,"{""n_cross"": 1, ""n_experts"": 2, ""expert_dim"": 32, ""lr"": 0.0027081705137991206, ""tw"": [1.0, 2.0, 4.0]}",0.3024086654387769,36.47206735610962,13053
single-task (one model per head),4,"{""n_cross"": 1, ""n_experts"": 4, ""expert_dim"": 64, ""lr"": 0.001216163989723636, ""tw"": [1.0, 2.0, 4.0]}",0.29577711662717177,39.50879192352295,28029
single-task (one model per head),5,"{""n_cross"": 1, ""n_experts"": 8, ""expert_dim"": 32, ""lr"": 0.0032570805611402084, ""tw"": [1.0, 2.0, 4.0]}",0.29724765585406443,34.37652087211609,13053
