eta,clip,mean_ndcg_true,sd_over_seeds,variance,bias_to_reference,mse_to_reference,diff_to_naive,diff_low,diff_high,seeds_better_than_naive
0.5,1 (naive),0.513327542326606,0.021430967616509377,0.0004592863729798736,0.051226923980712824,0.0030834841135056043,0.0,0.0,0.0,0
0.5,2,0.5068537437536842,0.021006149360248742,0.0004412583109450787,0.057700722553634676,0.003770631694156604,-0.00647379857292184,-0.011411938704968832,-0.0015356584408748493,0
0.5,5,0.4911300876478446,0.02258715138932644,0.0005101794078843513,0.07342437865947427,0.005901318789414212,-0.022197454678761476,-0.030614948774568607,-0.013779960582954347,0
0.5,10,0.4911300876478446,0.02258715138932644,0.0005101794078843513,0.07342437865947427,0.005901318789414212,-0.022197454678761476,-0.030614948774568607,-0.013779960582954347,0
0.5,20,0.4911300876478446,0.02258715138932644,0.0005101794078843513,0.07342437865947427,0.005901318789414212,-0.022197454678761476,-0.030614948774568607,-0.013779960582954347,0
0.5,none,0.4911300876478446,0.02258715138932644,0.0005101794078843513,0.07342437865947427,0.005901318789414212,-0.022197454678761476,-0.030614948774568607,-0.013779960582954347,0
1.0,1 (naive),0.46924219291216973,0.008665929462055865,0.00007509833344132786,0.09531227339514914,0.009159527793192982,0.0,0.0,0.0,0
1.0,2,0.47220746965993926,0.01226336858313226,0.00015039020900575533,0.09234699664737961,0.008678357998796897,0.00296527674776943,-0.004212089054216465,0.010142642549755325,4
1.0,5,0.46554951471525585,0.008585059279498802,0.00007370324283250848,0.09900495159206302,0.00987568368257925,-0.003692678196913901,-0.014862176883899151,0.007476820490071348,1
1.0,10,0.45901469674794326,0.00920741524013755,0.00008477649540431722,0.1055397695593756,0.011223419454050422,-0.010227496164226569,-0.01838906812864387,-0.0020659241998092666,0
1.0,20,0.452032933303301,0.00977560409473484,0.00009556243541699656,0.11252153300401785,0.012756657824991274,-0.017209259608868745,-0.02310010383695186,-0.01131841538078563,0
1.0,none,0.452032933303301,0.00977560409473484,0.00009556243541699656,0.11252153300401785,0.012756657824991274,-0.017209259608868745,-0.02310010383695186,-0.01131841538078563,0
2.0,1 (naive),0.45200529127798916,0.0038770589716690756,0.000015031586269799669,0.1125491750293297,0.012682348386052493,0.0,0.0,0.0,0
2.0,2,0.453088899048954,0.009919876730468319,0.00009840395434768683,0.11146556725836487,0.012522976638576749,0.001083607770964945,-0.0071013672380699205,0.00926858277999981,3
2.0,5,0.4491906568531078,0.012209556768454106,0.00014907327648210346,0.1153638094542111,0.01345788180826963,-0.002814634424881346,-0.014166103402292761,0.00853683455253007,2
2.0,10,0.4443717323308906,0.011537918908038368,0.0001331235727284693,0.12018273397642826,0.014577013118777392,-0.007633558947098429,-0.020135317412004625,0.004868199517807766,1
2.0,20,0.44532625814890425,0.0120209659086873,0.0001445036213778223,0.11922820815841462,0.01435986924204407,-0.006679033129084943,-0.018866026190039225,0.005507959931869338,2
2.0,none,0.4313877397136384,0.01298560336692586,0.0001686258948031162,0.13316672659368045,0.017902002966479157,-0.0206175515643507,-0.03691669811557356,-0.00431840501312784,0
