feature,gain_share
rank_covis,0.3627907756713737
covis_wsum,0.1951188037796068
covis_mean,0.1838101340413658
prefix_share_same_cat,0.0562149860751069
tt_sim,0.03461323466576829
covis_max,0.03356794523911512
log_clicks_3d,0.02847131478448627
pop_cat_pct,0.02246015380486629
log_clicks,0.022328447003956364
cart_rate,0.016378285278787753
hours_since_last_seen,0.012625957618193167
item_cat_size,0.010764356587607271
order_rate,0.010035611679342984
prefix_len,0.008289973688789951
prefix_n_cart,0.002256670281574331
prefix_n_order,0.000273349800059009
rank_tt,0.0
