category,queries,BM25,co-visitation,Two-Tower,LightGBM LambdaMART,DCN-V2 + MMoE
Wall Art,722,0.0,0.2090299155112491,0.037559233665588915,0.2087133081032879,0.1896728811793972
Cutlery,713,0.0,0.1761879798285627,0.01826134431089973,0.19092821150721756,0.18657129035788592
Trainers,361,0.0,0.26058724404910943,0.048938666720586596,0.2605708673766586,0.25739596096183887
Wallets & Purses,372,0.0,0.10391411604885303,0.025871056057966083,0.10713757939872402,0.1091660287410391
Plants & Planters,696,0.0014367816091954023,0.30620326062891184,0.06225092499874242,0.3124428313062067,0.29385256052850844
Sandals,628,0.00046029430942338837,0.16229876192294235,0.015360239513989076,0.15784019972958693,0.1564579593247406
Duvets & Pillows,495,0.0012386811975059766,0.16093834870698792,0.030968029209971822,0.16500884108075722,0.15921765254951845
Shirts,709,0.0,0.16122900020410572,0.04464604833274732,0.1692602250186802,0.17392477492222772
Skincare,657,0.0005888170581956493,0.2820104035391904,0.12579381987074262,0.2793854106512108,0.2817523340950173
Scarves & Gloves,313,0.0,0.1816999412535223,0.04158447208024739,0.18155379416439515,0.18706780479209334
Tops & Blouses,479,0.0006585905569639432,0.2114743290592182,0.06874792466596522,0.21668753103256988,0.21326706993066846
Bedding Sets,863,0.0,0.12329689579303599,0.016970893399158922,0.1304505512074863,0.12393722758052378
Garden Furniture,2693,0.0,0.21744855207204228,0.04755418105697511,0.21790306621583522,0.21543338118111155
Boots,762,0.0,0.16902619409769012,0.054850488984027106,0.17135929885726475,0.17479865350919604
Handbags,416,0.0,0.13292161937316826,0.021138648475874076,0.13845209664498065,0.1373509391486838
Rugs,1117,0.00008202815067570601,0.17902004939640717,0.027211807021274157,0.1811392547748296,0.18243423513057014
Outdoor Lighting,678,0.0004263493013538169,0.15443313896138045,0.020240268164872267,0.15567321833585948,0.1508086010033034
Chinos & Jeans,476,0.0,0.14125907559250658,0.010097127372022233,0.14787915731763437,0.13990027876993827
Loungewear,499,0.0,0.13623358986706233,0.019381936930803957,0.14176681523572848,0.14133472782327236
Garden Tools,281,0.0,0.3290500014520282,0.04543995699866268,0.3267140790025138,0.3339908199821693
Yoga & Fitness,664,0.0009234144469359313,0.1771727038703453,0.05098179793366281,0.18352998410213048,0.18847583121575032
Suits & Blazers,616,0.0,0.17379820153560013,0.02244333183381907,0.17665277728253428,0.17123016891574683
Cycling,926,0.0,0.15573885523472417,0.029464413978187713,0.15957893463960424,0.15906869417803934
TV Stands,763,0.000280453820097677,0.15710031669052552,0.04350791996688737,0.1607780376175907,0.16370204065343066
Grooming Tools,588,0.0017006802721088435,0.2189410495899982,0.04868951456317715,0.21995246654875125,0.20534779192037525
Kitchen Storage,606,0.000638370969033897,0.18557637694915274,0.05588545395324866,0.1865444333487562,0.1922733415398006
Bath Mats,873,0.0,0.2567238677808656,0.09662294784167531,0.26286152029010634,0.2489907850403137
Beds & Frames,166,0.016754520166070267,0.20496862989123477,0.07001365994132958,0.21235338471027143,0.2091028967604757
Trousers & Jeans,259,0.00039419843676799857,0.17521119501002894,0.04762983378968638,0.17789168768475075,0.17980329383056665
Ceiling Lights,1223,0.0,0.2973294292086694,0.11488092876089509,0.29895276155154044,0.30009322587218396
Glassware,600,0.00035664377455754594,0.2101555427762721,0.055540851722576515,0.2099752748553683,0.2084163768947386
Office Chairs,866,0.0,0.30260133039255205,0.0729527300366761,0.29780819802577924,0.30515727585927693
Toys & Games,1010,0.0,0.19476124363518316,0.04768581439527548,0.1904626013085575,0.18640980491737613
Belts,635,0.0,0.13353035639240643,0.03990692859635221,0.1402279646838661,0.13910416098328127
Wardrobes,631,0.00030256872611558587,0.2131506524864035,0.06920973231315942,0.2087672177413315,0.211054472615216
Small Appliances,683,0.0004618812251621212,0.2723582893936535,0.08821136118167684,0.27102785575754557,0.2601799342193856
Cookware,1323,0.0002692420159546653,0.1438483258979715,0.018685146586101306,0.14414587057699826,0.1465354185659667
Cushions & Throws,516,0.0010138945736009716,0.17250199792655807,0.04095655850787449,0.18270664825721386,0.18303846974102722
Haircare,806,0.0,0.2661132913836161,0.1041751379852681,0.2665870219624572,0.2692323244148863
Dinnerware,926,0.0,0.13696030825459457,0.017240690126310194,0.14342455849760896,0.1447267258167851
Outerwear,535,0.0,0.1288095226812895,0.018577384591950588,0.1320098803430045,0.12381841703455124
Dresses,430,0.0028164927887486518,0.1422606751111075,0.04280664654828747,0.1477271223169908,0.15299435127631497
Makeup,1311,0.0,0.2139039879664571,0.09431160326478,0.21470530542524666,0.2167625705124432
Gym Wear,494,0.0012771857359746104,0.2102979275745762,0.052697885249496444,0.21562999357018417,0.2004854881879499
Kids Shoes,322,0.0,0.19169508318695766,0.0288141855909144,0.19820423022802855,0.20193911733214917
Kids Bottoms,756,0.0,0.25147820561228307,0.08472538882324794,0.25091162892535096,0.24488362936143712
Formal Shoes,947,0.0,0.1654234061328735,0.024282365856689647,0.17155042222176511,0.1692107648996883
Stationery,968,0.0,0.17864154080386835,0.03321542529830234,0.18011863365659395,0.1743395581594988
Barbecues,734,0.0006811989100817438,0.3047385473636008,0.08631042696531611,0.30604814467722385,0.29366345961833973
Hats & Caps,973,0.0,0.18575243062501728,0.027244333092759847,0.1857992284047708,0.1770979453937437
Shower Accessories,524,0.0,0.3180006331985427,0.08229189863445902,0.3126112955618381,0.3091937279200426
Camping,566,0.000531855116014101,0.19941613098433872,0.08013671706888753,0.2000034510240254,0.20174522898051542
Bookcases,272,0.0,0.230317677284594,0.05894563627111702,0.24222865740995575,0.21969133863851623
School Uniforms,962,0.0,0.18996649064203752,0.0665704151003429,0.1958868496098315,0.19310500182039023
Necklaces,488,0.0009063462469750209,0.1920724388874197,0.022494604563394895,0.20126876519291595,0.2003568490148356
Baby Clothing,622,0.0,0.1431172795116939,0.03240118196319235,0.15036374522408713,0.14929669568964124
Sofas & Armchairs,459,0.0,0.17701509517021305,0.07442393605000758,0.1772020202539313,0.18722354565836363
Mirrors,602,0.0,0.32049929537739086,0.1561206440878881,0.31754179761866863,0.3016763744492846
Coffee Tables,370,0.0009627221273189789,0.15005555055569728,0.039078640990890215,0.15513897336509277,0.15496433950420394
Knitwear,594,0.0016835016835016834,0.16204687538476528,0.023537365847183248,0.15448685484911717,0.14436468255338494
Towels,589,0.0,0.2901156201747055,0.10944445711460203,0.2866152446252711,0.293847522992355
Underwear & Socks,373,0.0,0.20370135465838998,0.05735512526153743,0.20004923264334712,0.20753160784537372
Mattresses,715,0.0,0.11936085413286815,0.02147200644261136,0.1264459816128986,0.12532455670486506
Coats & Jackets,745,0.0,0.1997848295667772,0.04155662614331112,0.20010599039484667,0.20017647766750307
Fragrance,452,0.001495392994585021,0.22306961391539054,0.07753809574310412,0.22280520544507695,0.22627184540389111
Skirts,331,0.0,0.12774314150124008,0.03454574932220141,0.13450764081294775,0.1338239927779114
Candles & Holders,640,0.0,0.3395195294394438,0.14602030806739016,0.34105263737341635,0.33918223528720987
Watches,326,0.000923404894674789,0.22870519544609627,0.0723351060291294,0.23671195521723426,0.2361124940605685
Kids Tops,538,0.0,0.1481932251856675,0.02359989579934456,0.151727903619676,0.15487446920971043
Running Gear,239,0.0017409178018353694,0.22170637712198707,0.08658493970527661,0.2273250885116584,0.21772667011696625
Swimwear,222,0.0,0.20988335545289347,0.06348252124384163,0.21022262335386493,0.21495848189854896
Vases & Ornaments,390,0.0,0.2703363627424323,0.11387042490222253,0.27401670305307047,0.27485560140632265
Table Lamps,519,0.0,0.34504739953307756,0.1389249721296812,0.3407804648737032,0.3227350567043005
T-Shirts & Polos,569,0.0005080225418592054,0.1615481018233186,0.021303628375859807,0.17046380377739515,0.16617532514304384
Bathroom Storage,389,0.0,0.19376695253525308,0.04920100488948804,0.2020260394282862,0.20324490577662416
Hoodies & Sweatshirts,253,0.0,0.20387392483132388,0.021146664551363718,0.1965587825518529,0.19321372332996806
Bedside Tables,356,0.001086665188861072,0.21262399540469684,0.047272085162551845,0.21761053209770528,0.20764379030271193
Desks,559,0.0,0.2679836932079307,0.02761748792170091,0.27188435015248685,0.2678332388881289
Backpacks,584,0.0,0.17810998861420346,0.04871090945989029,0.1727195001072695,0.1790349463358459
Earrings & Rings,393,0.0,0.1687133601514278,0.03260108530108261,0.16691410525254322,0.1672390363807518
