option,seed,fold,ndcg10,pr_auc,roc_auc,fit_seconds,predict_seconds,size_mb,n_features,queries,base_model,selection
regularised linear | keep all,42,0,0.17714620611197834,0.0552730461763707,0.83381255081923,1.0848290920257568,0.009876251220703125,0.000757,17,3334,regularised linear,keep all
regularised linear | keep all,42,1,0.1780502828608469,0.06441997068739273,0.8432141873524367,1.0538060665130615,0.008712053298950195,0.000757,17,3333,regularised linear,keep all
regularised linear | keep all,42,2,0.183319682377015,0.059010301653565,0.8354136982351628,1.0229768753051758,0.007346153259277344,0.000757,17,3333,regularised linear,keep all
regularised linear | keep all,43,0,0.18425613027062057,0.05794776227669316,0.8405327352291688,1.1614856719970703,0.007090330123901367,0.000757,17,3334,regularised linear,keep all
regularised linear | keep all,43,1,0.17741121952849145,0.06073774527040027,0.8361877244615368,0.8942348957061768,0.007125139236450195,0.000757,17,3333,regularised linear,keep all
regularised linear | keep all,43,2,0.17663168369969098,0.05994310439074177,0.8340929648712307,0.9548721313476562,0.007216930389404297,0.000757,17,3333,regularised linear,keep all
LightGBM defaults (class weights) | keep all,42,0,0.17797241927835755,0.06128926377994639,0.8428024371418733,2.5341477394104004,0.7372212409973145,0.354233,15,3334,LightGBM defaults (class weights),keep all
LightGBM defaults (class weights) | keep all,42,1,0.17746524291880186,0.06845357034576831,0.852670850327475,2.329669952392578,0.6880769729614258,0.354317,15,3333,LightGBM defaults (class weights),keep all
LightGBM defaults (class weights) | keep all,42,2,0.1822780868113023,0.06372469270454223,0.8443273708835957,2.2857377529144287,0.6483502388000488,0.353939,15,3333,LightGBM defaults (class weights),keep all
LightGBM defaults (class weights) | keep all,43,0,0.1832436331691628,0.06526781499186256,0.8447892605531708,2.3591721057891846,0.6702160835266113,0.354085,15,3334,LightGBM defaults (class weights),keep all
LightGBM defaults (class weights) | keep all,43,1,0.1803528988714953,0.06236884716718854,0.8510233196071968,2.320326089859009,0.6663968563079834,0.353995,15,3333,LightGBM defaults (class weights),keep all
LightGBM defaults (class weights) | keep all,43,2,0.17529983041015668,0.06493640014707747,0.8416314606824902,2.6521079540252686,0.6937520503997803,0.354246,15,3333,LightGBM defaults (class weights),keep all
regularised linear | drop near-constant,42,0,0.17714620611197834,0.0552730461763707,0.83381255081923,1.060410737991333,0.012871980667114258,0.000757,17,3334,regularised linear,drop near-constant
regularised linear | drop near-constant,42,1,0.1780502828608469,0.06441997068739273,0.8432141873524367,1.0264859199523926,0.007486104965209961,0.000757,17,3333,regularised linear,drop near-constant
regularised linear | drop near-constant,42,2,0.183319682377015,0.059010301653565,0.8354136982351628,1.0205912590026855,0.008323907852172852,0.000757,17,3333,regularised linear,drop near-constant
regularised linear | drop near-constant,43,0,0.18425613027062057,0.05794776227669316,0.8405327352291688,1.1485698223114014,0.007001161575317383,0.000757,17,3334,regularised linear,drop near-constant
regularised linear | drop near-constant,43,1,0.17741121952849145,0.06073774527040027,0.8361877244615368,0.8898389339447021,0.0070078372955322266,0.000757,17,3333,regularised linear,drop near-constant
regularised linear | drop near-constant,43,2,0.17663168369969098,0.05994310439074177,0.8340929648712307,0.9532229900360107,0.006957054138183594,0.000757,17,3333,regularised linear,drop near-constant
LightGBM defaults (class weights) | drop near-constant,42,0,0.17797241927835755,0.06128926377994639,0.8428024371418733,2.5494930744171143,0.7326350212097168,0.354233,15,3334,LightGBM defaults (class weights),drop near-constant
LightGBM defaults (class weights) | drop near-constant,42,1,0.17746524291880186,0.06845357034576831,0.852670850327475,2.288383960723877,0.6752011775970459,0.354317,15,3333,LightGBM defaults (class weights),drop near-constant
LightGBM defaults (class weights) | drop near-constant,42,2,0.1822780868113023,0.06372469270454223,0.8443273708835957,2.2409920692443848,0.6564898490905762,0.353939,15,3333,LightGBM defaults (class weights),drop near-constant
LightGBM defaults (class weights) | drop near-constant,43,0,0.1832436331691628,0.06526781499186256,0.8447892605531708,2.2699930667877197,0.6802802085876465,0.354085,15,3334,LightGBM defaults (class weights),drop near-constant
LightGBM defaults (class weights) | drop near-constant,43,1,0.1803528988714953,0.06236884716718854,0.8510233196071968,2.2852821350097656,0.6703870296478271,0.353995,15,3333,LightGBM defaults (class weights),drop near-constant
LightGBM defaults (class weights) | drop near-constant,43,2,0.17529983041015668,0.06493640014707747,0.8416314606824902,2.299787998199463,0.6873800754547119,0.354246,15,3333,LightGBM defaults (class weights),drop near-constant
"regularised linear | drop EDA no-signal (cart_rate, prefix_n_cart, prefix_n_order)",42,0,0.17742282242725288,0.054389410045761095,0.8373760699700823,0.7940728664398193,0.0065310001373291016,0.000745,14,3334,regularised linear,"drop EDA no-signal (cart_rate, prefix_n_cart, prefix_n_order)"
"regularised linear | drop EDA no-signal (cart_rate, prefix_n_cart, prefix_n_order)",42,1,0.17903113575580043,0.06335559543345544,0.8481652889266161,0.8955159187316895,0.0064508914947509766,0.000745,14,3333,regularised linear,"drop EDA no-signal (cart_rate, prefix_n_cart, prefix_n_order)"
"regularised linear | drop EDA no-signal (cart_rate, prefix_n_cart, prefix_n_order)",42,2,0.1847279528452952,0.057842075361703174,0.8388863709501415,0.7391948699951172,0.006596088409423828,0.000745,14,3333,regularised linear,"drop EDA no-signal (cart_rate, prefix_n_cart, prefix_n_order)"
"regularised linear | drop EDA no-signal (cart_rate, prefix_n_cart, prefix_n_order)",43,0,0.18461472012471022,0.05641112311308916,0.8418579399790365,0.8415579795837402,0.006469249725341797,0.000745,14,3334,regularised linear,"drop EDA no-signal (cart_rate, prefix_n_cart, prefix_n_order)"
"regularised linear | drop EDA no-signal (cart_rate, prefix_n_cart, prefix_n_order)",43,1,0.18010272140927652,0.060602224574419924,0.8423918337943239,0.8156118392944336,0.006396055221557617,0.000745,14,3333,regularised linear,"drop EDA no-signal (cart_rate, prefix_n_cart, prefix_n_order)"
"regularised linear | drop EDA no-signal (cart_rate, prefix_n_cart, prefix_n_order)",43,2,0.17646942847734604,0.058494356413643596,0.8396445205390028,0.7381739616394043,0.006412029266357422,0.000745,14,3333,regularised linear,"drop EDA no-signal (cart_rate, prefix_n_cart, prefix_n_order)"
"LightGBM defaults (class weights) | drop EDA no-signal (cart_rate, prefix_n_cart, prefix_n_order)",42,0,0.1795076233503824,0.06139646093076259,0.8431083333037175,2.4445090293884277,0.6382362842559814,0.35326,12,3334,LightGBM defaults (class weights),"drop EDA no-signal (cart_rate, prefix_n_cart, prefix_n_order)"
"LightGBM defaults (class weights) | drop EDA no-signal (cart_rate, prefix_n_cart, prefix_n_order)",42,1,0.1771809659513406,0.06571969775779474,0.8519551136199562,2.146021842956543,0.6043572425842285,0.35321,12,3333,LightGBM defaults (class weights),"drop EDA no-signal (cart_rate, prefix_n_cart, prefix_n_order)"
"LightGBM defaults (class weights) | drop EDA no-signal (cart_rate, prefix_n_cart, prefix_n_order)",42,2,0.18340867337436986,0.06401239416422252,0.8452540509457078,2.1246731281280518,0.6321799755096436,0.353093,12,3333,LightGBM defaults (class weights),"drop EDA no-signal (cart_rate, prefix_n_cart, prefix_n_order)"
"LightGBM defaults (class weights) | drop EDA no-signal (cart_rate, prefix_n_cart, prefix_n_order)",43,0,0.18259519249834613,0.06463098060242574,0.843516209425339,2.1812357902526855,0.708245038986206,0.353207,12,3334,LightGBM defaults (class weights),"drop EDA no-signal (cart_rate, prefix_n_cart, prefix_n_order)"
"LightGBM defaults (class weights) | drop EDA no-signal (cart_rate, prefix_n_cart, prefix_n_order)",43,1,0.1811748986945492,0.06472483217858939,0.8502311843546487,2.172538995742798,0.62636399269104,0.353505,12,3333,LightGBM defaults (class weights),"drop EDA no-signal (cart_rate, prefix_n_cart, prefix_n_order)"
"LightGBM defaults (class weights) | drop EDA no-signal (cart_rate, prefix_n_cart, prefix_n_order)",43,2,0.17726508883774408,0.06369183671691396,0.8440806267572499,2.118661880493164,0.6023941040039062,0.353059,12,3333,LightGBM defaults (class weights),"drop EDA no-signal (cart_rate, prefix_n_cart, prefix_n_order)"
"regularised linear | drop EDA-redundant (covis_mean, covis_wsum)",42,0,0.17577124316144727,0.05305900697507416,0.8333388608378517,0.6895051002502441,0.006648063659667969,0.000749,15,3334,regularised linear,"drop EDA-redundant (covis_mean, covis_wsum)"
"regularised linear | drop EDA-redundant (covis_mean, covis_wsum)",42,1,0.17828867412361488,0.06127677288414898,0.8451136166222107,0.8004150390625,0.006555080413818359,0.000749,15,3333,regularised linear,"drop EDA-redundant (covis_mean, covis_wsum)"
"regularised linear | drop EDA-redundant (covis_mean, covis_wsum)",42,2,0.18300896615137557,0.05657916628137902,0.8372930551850143,0.686877965927124,0.006559848785400391,0.000749,15,3333,regularised linear,"drop EDA-redundant (covis_mean, covis_wsum)"
"regularised linear | drop EDA-redundant (covis_mean, covis_wsum)",43,0,0.18290024016599452,0.055864317369093655,0.8392189495351954,0.6850602626800537,0.006543874740600586,0.000749,15,3334,regularised linear,"drop EDA-redundant (covis_mean, covis_wsum)"
"regularised linear | drop EDA-redundant (covis_mean, covis_wsum)",43,1,0.17677991119139633,0.05767540607490704,0.8381438527379197,0.6899652481079102,0.006543874740600586,0.000749,15,3333,regularised linear,"drop EDA-redundant (covis_mean, covis_wsum)"
"regularised linear | drop EDA-redundant (covis_mean, covis_wsum)",43,2,0.17630717884359615,0.057124565224407585,0.8357015271387938,0.7515161037445068,0.006621837615966797,0.000749,15,3333,regularised linear,"drop EDA-redundant (covis_mean, covis_wsum)"
"LightGBM defaults (class weights) | drop EDA-redundant (covis_mean, covis_wsum)",42,0,0.17703517569240318,0.06141744884985339,0.8427485238842074,2.475996971130371,0.699761152267456,0.353912,13,3334,LightGBM defaults (class weights),"drop EDA-redundant (covis_mean, covis_wsum)"
"LightGBM defaults (class weights) | drop EDA-redundant (covis_mean, covis_wsum)",42,1,0.1793902130873558,0.06619343092283873,0.8526745810320471,2.273731231689453,0.6562440395355225,0.354239,13,3333,LightGBM defaults (class weights),"drop EDA-redundant (covis_mean, covis_wsum)"
"LightGBM defaults (class weights) | drop EDA-redundant (covis_mean, covis_wsum)",42,2,0.18120720586727543,0.06285212257942427,0.8435789731893546,2.2062129974365234,0.6702618598937988,0.353751,13,3333,LightGBM defaults (class weights),"drop EDA-redundant (covis_mean, covis_wsum)"
"LightGBM defaults (class weights) | drop EDA-redundant (covis_mean, covis_wsum)",43,0,0.18172828563895857,0.0632549005510763,0.8441460512838801,2.256150007247925,0.6400461196899414,0.353969,13,3334,LightGBM defaults (class weights),"drop EDA-redundant (covis_mean, covis_wsum)"
"LightGBM defaults (class weights) | drop EDA-redundant (covis_mean, covis_wsum)",43,1,0.1806161638888101,0.06309409658410439,0.8506707381077047,2.1802988052368164,0.6555418968200684,0.353687,13,3333,LightGBM defaults (class weights),"drop EDA-redundant (covis_mean, covis_wsum)"
"LightGBM defaults (class weights) | drop EDA-redundant (covis_mean, covis_wsum)",43,2,0.1749235409324883,0.06330253407590933,0.841990133913806,2.233365058898926,0.665395975112915,0.353923,13,3333,LightGBM defaults (class weights),"drop EDA-redundant (covis_mean, covis_wsum)"
regularised linear | L1 (C = 0.02),42,0,0.17818234681621034,0.05262053188352913,0.830378659159253,0.557924747467041,0.005316257476806641,0.000721,8,3334,regularised linear,L1 (C = 0.02)
regularised linear | L1 (C = 0.02),42,1,0.17938246315932949,0.0584806772548447,0.8468443503144143,0.6314611434936523,0.005043983459472656,0.000717,7,3333,regularised linear,L1 (C = 0.02)
regularised linear | L1 (C = 0.02),42,2,0.18411558550924093,0.0554726424108029,0.8321733482248777,0.5483849048614502,0.005249977111816406,0.000721,8,3333,regularised linear,L1 (C = 0.02)
regularised linear | L1 (C = 0.02),43,0,0.18244510096384894,0.05462033997877066,0.8330240088783747,0.49146294593811035,0.005179166793823242,0.000717,7,3334,regularised linear,L1 (C = 0.02)
regularised linear | L1 (C = 0.02),43,1,0.18143046579414707,0.05677839569635155,0.8388972252718097,0.5251510143280029,0.005175113677978516,0.000721,8,3333,regularised linear,L1 (C = 0.02)
regularised linear | L1 (C = 0.02),43,2,0.17671789207259508,0.05620528483469317,0.8332508552121968,0.5240569114685059,0.005175113677978516,0.000721,8,3333,regularised linear,L1 (C = 0.02)
LightGBM defaults (class weights) | L1 (C = 0.02),42,0,0.17908793470125364,0.061323769117752794,0.8430251466153875,2.490156888961792,0.6914949417114258,0.35423,14,3334,LightGBM defaults (class weights),L1 (C = 0.02)
LightGBM defaults (class weights) | L1 (C = 0.02),42,1,0.1771809659513406,0.06571969775779474,0.8519551136199562,2.0306320190429688,0.601405143737793,0.35321,12,3333,LightGBM defaults (class weights),L1 (C = 0.02)
LightGBM defaults (class weights) | L1 (C = 0.02),42,2,0.1832182609860188,0.06409393890645161,0.8438389859442889,2.4195659160614014,0.68892502784729,0.35392,13,3333,LightGBM defaults (class weights),L1 (C = 0.02)
LightGBM defaults (class weights) | L1 (C = 0.02),43,0,0.18259519249834613,0.06463098060242574,0.843516209425339,2.356752872467041,0.7467288970947266,0.353207,12,3334,LightGBM defaults (class weights),L1 (C = 0.02)
LightGBM defaults (class weights) | L1 (C = 0.02),43,1,0.18213859009252784,0.06328921565907375,0.8511420147202384,2.4761979579925537,0.6549320220947266,0.353816,13,3333,LightGBM defaults (class weights),L1 (C = 0.02)
LightGBM defaults (class weights) | L1 (C = 0.02),43,2,0.17592059349369088,0.06298482523582108,0.8440819009193897,2.3679511547088623,0.6540908813476562,0.353607,12,3333,LightGBM defaults (class weights),L1 (C = 0.02)
"regularised linear | stability selection (10 L1 fits, frequency >= 0.6)",42,0,0.1772160601386329,0.05342637569810998,0.8191145672547091,0.4848940372467041,0.004589080810546875,0.000709,5,3334,regularised linear,"stability selection (10 L1 fits, frequency >= 0.6)"
"regularised linear | stability selection (10 L1 fits, frequency >= 0.6)",42,1,0.17897909067769524,0.05710108434514735,0.8408084726656211,0.655501127243042,0.0054666996002197266,0.000713,6,3333,regularised linear,"stability selection (10 L1 fits, frequency >= 0.6)"
"regularised linear | stability selection (10 L1 fits, frequency >= 0.6)",42,2,0.1811290586967307,0.055407070028936745,0.8170413785968318,0.5076968669891357,0.004936933517456055,0.000709,5,3333,regularised linear,"stability selection (10 L1 fits, frequency >= 0.6)"
"regularised linear | stability selection (10 L1 fits, frequency >= 0.6)",43,0,0.17919944204139315,0.05390373419222449,0.8187110083249091,0.5341379642486572,0.004647016525268555,0.000709,5,3334,regularised linear,"stability selection (10 L1 fits, frequency >= 0.6)"
"regularised linear | stability selection (10 L1 fits, frequency >= 0.6)",43,1,0.18424117745276447,0.05673704422136602,0.8380333479160137,0.6289410591125488,0.004705905914306641,0.000713,6,3333,regularised linear,"stability selection (10 L1 fits, frequency >= 0.6)"
"regularised linear | stability selection (10 L1 fits, frequency >= 0.6)",43,2,0.17697186048775485,0.05454479039178136,0.8335823879502877,0.6048638820648193,0.004670143127441406,0.000713,6,3333,regularised linear,"stability selection (10 L1 fits, frequency >= 0.6)"
"LightGBM defaults (class weights) | stability selection (10 L1 fits, frequency >= 0.6)",42,0,0.17565524794466525,0.05689354119765121,0.8388053414079558,2.1696927547454834,0.5847601890563965,0.35338,8,3334,LightGBM defaults (class weights),"stability selection (10 L1 fits, frequency >= 0.6)"
"LightGBM defaults (class weights) | stability selection (10 L1 fits, frequency >= 0.6)",42,1,0.17721552152335682,0.059073584519532325,0.8489588959992296,2.2186338901519775,0.5858449935913086,0.35337,7,3333,LightGBM defaults (class weights),"stability selection (10 L1 fits, frequency >= 0.6)"
"LightGBM defaults (class weights) | stability selection (10 L1 fits, frequency >= 0.6)",42,2,0.18316022288065362,0.05995185740025508,0.8383887163835372,2.286445140838623,0.6683018207550049,0.353564,7,3333,LightGBM defaults (class weights),"stability selection (10 L1 fits, frequency >= 0.6)"
"LightGBM defaults (class weights) | stability selection (10 L1 fits, frequency >= 0.6)",43,0,0.17858224068808373,0.057267840424749666,0.8377550242701348,2.25433087348938,0.5911350250244141,0.353399,8,3334,LightGBM defaults (class weights),"stability selection (10 L1 fits, frequency >= 0.6)"
"LightGBM defaults (class weights) | stability selection (10 L1 fits, frequency >= 0.6)",43,1,0.1802757293639247,0.05755869613779488,0.8442572126996398,2.2090139389038086,0.57627272605896,0.352276,6,3333,LightGBM defaults (class weights),"stability selection (10 L1 fits, frequency >= 0.6)"
"LightGBM defaults (class weights) | stability selection (10 L1 fits, frequency >= 0.6)",43,2,0.17267870407452143,0.05663542144764311,0.8373137764999294,2.1638691425323486,0.6026642322540283,0.352292,7,3333,LightGBM defaults (class weights),"stability selection (10 L1 fits, frequency >= 0.6)"
regularised linear | tree importance >= 2% of gain,42,0,0.17632106887862214,0.054006296406788216,0.832963039523084,0.8455150127410889,0.006662845611572266,0.000745,14,3334,regularised linear,tree importance >= 2% of gain
regularised linear | tree importance >= 2% of gain,42,1,0.17842683059298403,0.06309231419471077,0.8448719383664811,0.6139609813690186,0.0067138671875,0.000741,13,3333,regularised linear,tree importance >= 2% of gain
regularised linear | tree importance >= 2% of gain,42,2,0.18431766687269813,0.05733938455064187,0.8389024013398951,0.8006227016448975,0.006541252136230469,0.000745,14,3333,regularised linear,tree importance >= 2% of gain
regularised linear | tree importance >= 2% of gain,43,0,0.1821919663680312,0.05573371787747358,0.8383663815399308,0.6044058799743652,0.0062482357025146484,0.000741,13,3334,regularised linear,tree importance >= 2% of gain
regularised linear | tree importance >= 2% of gain,43,1,0.177877523958498,0.05862829061021715,0.8399610744006917,0.608222246170044,0.008503913879394531,0.000741,13,3333,regularised linear,tree importance >= 2% of gain
regularised linear | tree importance >= 2% of gain,43,2,0.17707597976549408,0.05749746023509852,0.8352910692922386,0.6374008655548096,0.006936073303222656,0.000745,14,3333,regularised linear,tree importance >= 2% of gain
LightGBM defaults (class weights) | tree importance >= 2% of gain,42,0,0.17580420589519216,0.0568160473345155,0.8434739915607771,2.212474822998047,0.6729559898376465,0.353432,10,3334,LightGBM defaults (class weights),tree importance >= 2% of gain
LightGBM defaults (class weights) | tree importance >= 2% of gain,42,1,0.17820047067152392,0.06456826094310271,0.852449757655549,2.0559401512145996,0.6676821708679199,0.353988,10,3333,LightGBM defaults (class weights),tree importance >= 2% of gain
LightGBM defaults (class weights) | tree importance >= 2% of gain,42,2,0.1838059645915743,0.06012045795652121,0.8449581866815914,2.125836133956909,0.6109869480133057,0.3535,12,3333,LightGBM defaults (class weights),tree importance >= 2% of gain
LightGBM defaults (class weights) | tree importance >= 2% of gain,43,0,0.18555855474776645,0.060785589033199125,0.8443321973520099,2.060075044631958,0.6449429988861084,0.353829,11,3334,LightGBM defaults (class weights),tree importance >= 2% of gain
LightGBM defaults (class weights) | tree importance >= 2% of gain,43,1,0.18015004888703512,0.06191281653630542,0.8503463519959327,2.1587107181549072,0.664344072341919,0.353337,10,3333,LightGBM defaults (class weights),tree importance >= 2% of gain
LightGBM defaults (class weights) | tree importance >= 2% of gain,43,2,0.17450786573570548,0.058916554044050835,0.8444320792991243,2.0953307151794434,0.6847031116485596,0.354136,11,3333,LightGBM defaults (class weights),tree importance >= 2% of gain
regularised linear | permutation backward elimination,42,0,0.17832463051716008,0.053459266916185286,0.8222086218984477,0.41086387634277344,0.006615161895751953,0.000721,8,3334,regularised linear,permutation backward elimination
regularised linear | permutation backward elimination,42,1,0.17926815238298358,0.05718510501268239,0.8425082891888731,0.5975780487060547,0.005793094635009766,0.000733,11,3333,regularised linear,permutation backward elimination
regularised linear | permutation backward elimination,42,2,0.18478892573747618,0.05420749678378695,0.8422815785758365,0.6514270305633545,0.011365890502929688,0.000737,12,3333,regularised linear,permutation backward elimination
regularised linear | permutation backward elimination,43,0,0.183935974592921,0.052421282481847006,0.8395493903653355,0.6067221164703369,0.005824089050292969,0.000737,12,3334,regularised linear,permutation backward elimination
regularised linear | permutation backward elimination,43,1,0.1766011014578776,0.0575062827021465,0.8289809814998821,0.5182380676269531,0.009335041046142578,0.000725,9,3333,regularised linear,permutation backward elimination
regularised linear | permutation backward elimination,43,2,0.17726301692956625,0.05276953953656842,0.832397226140835,0.6802859306335449,0.0059299468994140625,0.000721,8,3333,regularised linear,permutation backward elimination
LightGBM defaults (class weights) | permutation backward elimination,42,0,0.17397999580416126,0.05574076498949878,0.8372421684362726,2.019970655441284,0.591771125793457,0.353636,7,3334,LightGBM defaults (class weights),permutation backward elimination
LightGBM defaults (class weights) | permutation backward elimination,42,1,0.17728647430422842,0.0671441339696824,0.851843383303627,2.270159959793091,0.6793320178985596,0.353426,10,3333,LightGBM defaults (class weights),permutation backward elimination
LightGBM defaults (class weights) | permutation backward elimination,42,2,0.17623158701340566,0.06566469511720167,0.8132883079363968,1.9658679962158203,0.5075068473815918,0.351171,8,3333,LightGBM defaults (class weights),permutation backward elimination
LightGBM defaults (class weights) | permutation backward elimination,43,0,0.17751316108303752,0.05702480703846391,0.8384100095126727,1.896554946899414,0.6072077751159668,0.351806,6,3334,LightGBM defaults (class weights),permutation backward elimination
LightGBM defaults (class weights) | permutation backward elimination,43,1,0.18100051082889115,0.06406482308829653,0.84913211229774,2.317578077316284,0.6565001010894775,0.354056,11,3333,LightGBM defaults (class weights),permutation backward elimination
LightGBM defaults (class weights) | permutation backward elimination,43,2,0.1758994808339718,0.059866425848898175,0.8370062620855204,1.9780900478363037,0.6675550937652588,0.352744,7,3333,LightGBM defaults (class weights),permutation backward elimination
regularised linear | recursive elimination to 8 (LightGBM gain),42,0,0.17697875161697793,0.05145043142287532,0.8332075517521452,0.46087002754211426,0.005755901336669922,0.000725,9,3334,regularised linear,recursive elimination to 8 (LightGBM gain)
regularised linear | recursive elimination to 8 (LightGBM gain),42,1,0.18052169977860563,0.06062282395571732,0.8474419725953981,0.47286009788513184,0.005394935607910156,0.000725,9,3333,regularised linear,recursive elimination to 8 (LightGBM gain)
regularised linear | recursive elimination to 8 (LightGBM gain),42,2,0.1817320912783131,0.05623025868567284,0.830619813756923,0.46966028213500977,0.0052928924560546875,0.000725,9,3333,regularised linear,recursive elimination to 8 (LightGBM gain)
regularised linear | recursive elimination to 8 (LightGBM gain),43,0,0.18458001732903329,0.05373899085770801,0.8400919346337768,0.44599294662475586,0.005732059478759766,0.000725,9,3334,regularised linear,recursive elimination to 8 (LightGBM gain)
regularised linear | recursive elimination to 8 (LightGBM gain),43,1,0.17874028760949892,0.05880684129024113,0.8388665263872781,0.5625250339508057,0.00897526741027832,0.000725,9,3333,regularised linear,recursive elimination to 8 (LightGBM gain)
regularised linear | recursive elimination to 8 (LightGBM gain),43,2,0.17614918281546882,0.057962253717414494,0.8286393139750667,0.3800809383392334,0.008793115615844727,0.000725,9,3333,regularised linear,recursive elimination to 8 (LightGBM gain)
LightGBM defaults (class weights) | recursive elimination to 8 (LightGBM gain),42,0,0.17726485093231734,0.054257910892860715,0.839832674046784,1.7017710208892822,0.66322922706604,0.3542,7,3334,LightGBM defaults (class weights),recursive elimination to 8 (LightGBM gain)
LightGBM defaults (class weights) | recursive elimination to 8 (LightGBM gain),42,1,0.1800689207309105,0.06283036491338266,0.8518465190036759,1.6915876865386963,0.6473920345306396,0.353402,7,3333,LightGBM defaults (class weights),recursive elimination to 8 (LightGBM gain)
LightGBM defaults (class weights) | recursive elimination to 8 (LightGBM gain),42,2,0.18416533000235244,0.055321780557264416,0.8433683926315072,1.6473090648651123,0.7197198867797852,0.352783,7,3333,LightGBM defaults (class weights),recursive elimination to 8 (LightGBM gain)
LightGBM defaults (class weights) | recursive elimination to 8 (LightGBM gain),43,0,0.18507484318306608,0.0566745821725614,0.8425587953608792,1.7427940368652344,0.6645209789276123,0.354196,7,3334,LightGBM defaults (class weights),recursive elimination to 8 (LightGBM gain)
LightGBM defaults (class weights) | recursive elimination to 8 (LightGBM gain),43,1,0.1795660817541572,0.06092126638072205,0.8488512894942641,1.722236156463623,0.7008519172668457,0.352221,7,3333,LightGBM defaults (class weights),recursive elimination to 8 (LightGBM gain)
LightGBM defaults (class weights) | recursive elimination to 8 (LightGBM gain),43,2,0.1767975163400422,0.06051308492338606,0.8408893884947909,1.706346035003662,0.6668100357055664,0.353243,7,3333,LightGBM defaults (class weights),recursive elimination to 8 (LightGBM gain)
