slice_type,slice,queries,method,ndcg10,ci_low,ci_high
prefix length,1,22960,BM25,0.0003347495878011761,0.00017093384973675328,0.0004884640162026768
prefix length,1,22960,co-visitation,0.21959096076620763,0.21494549364633742,0.22404313365957929
prefix length,1,22960,Two-Tower,0.06104045797759312,0.05866793652595435,0.0635480787897084
prefix length,1,22960,LightGBM LambdaMART,0.22123827553628553,0.21675096770159122,0.2262097829260124
prefix length,1,22960,DCN-V2 + MMoE,0.21995707353174948,0.2152518395008484,0.22477722657868085
prefix length,11+,3659,BM25,0.0002930406483647951,0.0,0.0007586176051859651
prefix length,11+,3659,co-visitation,0.15217649255800264,0.14308091808914608,0.15964417719306706
prefix length,11+,3659,Two-Tower,0.03492023457902208,0.03052739384722395,0.039119005316812144
prefix length,11+,3659,LightGBM LambdaMART,0.15551465292001335,0.14704900861530254,0.1626289213743567
prefix length,11+,3659,DCN-V2 + MMoE,0.1506736962350727,0.14269244536749712,0.15851122395289727
prefix length,2-3,13966,BM25,0.00033684187846541765,0.0001388515645893282,0.0005741064047478184
prefix length,2-3,13966,co-visitation,0.20108129913926134,0.19526644107363664,0.20723461853960862
prefix length,2-3,13966,Two-Tower,0.051896960115754204,0.04919666819758455,0.054046408406077814
prefix length,2-3,13966,LightGBM LambdaMART,0.2029510947374845,0.19734753698288093,0.20862453727212965
prefix length,2-3,13966,DCN-V2 + MMoE,0.2015646335837996,0.19612235055554564,0.20705277579136647
prefix length,4-10,10136,BM25,0.00026937482778646016,0.00013468176232574828,0.0004714119159091842
prefix length,4-10,10136,co-visitation,0.1874075688223069,0.18114620114909066,0.19362311033855933
prefix length,4-10,10136,Two-Tower,0.046192281755386,0.043623507805540834,0.04915678772433245
prefix length,4-10,10136,LightGBM LambdaMART,0.19110630680181767,0.18492384749126098,0.19729087971114823
prefix length,4-10,10136,DCN-V2 + MMoE,0.18580139876929844,0.17960731325565737,0.19149671718470226
popularity of the held-out click,"head (top 1,000)",5990,BM25,0.000016696673057457702,0.0,0.00006678669222983081
popularity of the held-out click,"head (top 1,000)",5990,co-visitation,0.36324653757058867,0.3552559709517966,0.3722119448947347
popularity of the held-out click,"head (top 1,000)",5990,Two-Tower,0.2783279960120555,0.2712686348312663,0.28665604430145347
popularity of the held-out click,"head (top 1,000)",5990,LightGBM LambdaMART,0.3535480361335759,0.3460691969181855,0.3624025943846009
popularity of the held-out click,"head (top 1,000)",5990,DCN-V2 + MMoE,0.3688210877309262,0.36064429547016086,0.37765706805975574
popularity of the held-out click,tail or unseen,26982,BM25,0.0005446754974203911,0.0003740023101706452,0.0007842331674168892
popularity of the held-out click,tail or unseen,26982,co-visitation,0.15694136467782285,0.15317567387022438,0.16073881169609153
popularity of the held-out click,tail or unseen,26982,Two-Tower,0.0059617121182743565,0.005322764067950813,0.006515238042538377
popularity of the held-out click,tail or unseen,26982,LightGBM LambdaMART,0.16031429038973363,0.15664203073253954,0.16388273615021723
popularity of the held-out click,tail or unseen,26982,DCN-V2 + MMoE,0.1540437324425231,0.15042288046460794,0.15730456620469557
popularity of the held-out click,"torso (1,000-20,000)",17749,BM25,0.00007867236770309362,0.000010218285270009684,0.00016811022131454955
popularity of the held-out click,"torso (1,000-20,000)",17749,co-visitation,0.21950803566616953,0.21526633679645463,0.22474941046329466
popularity of the held-out click,"torso (1,000-20,000)",17749,Two-Tower,0.050381224511347356,0.04808891889006445,0.05275313017809152
popularity of the held-out click,"torso (1,000-20,000)",17749,LightGBM LambdaMART,0.22405625761780742,0.21958760224951565,0.22933483175584057
popularity of the held-out click,"torso (1,000-20,000)",17749,DCN-V2 + MMoE,0.22165856155826516,0.21732588739952594,0.22663465723187343
