method,trial,params,ndcg10_tuning,seconds
co-visitation,0,"{""w_cart"": 3.0, ""w_order"": 6.0, ""decay"": 0.8, ""last_n"": 30}",0.20407409129503326,0.7551541328430176
co-visitation,1,"{""w_cart"": 4.869780242779816, ""w_order"": 5.827662837272576, ""decay"": 0.9292989599556912, ""last_n"": 10}",0.2029056545775644,0.6184999942779541
co-visitation,2,"{""w_cart"": 1.4708867394382477, ""w_order"": 11.731845868004315, ""decay"": 0.8805698509951765, ""last_n"": 30}",0.20348780605500424,0.6686058044433594
co-visitation,3,"{""w_cart"": 4.930321526384769, ""w_order"": 2.409249959431005, ""decay"": 0.7251929689477836, ""last_n"": 30}",0.20412185241112749,0.6503350734710693
co-visitation,4,"{""w_cart"": 5.633824944243009, ""w_order"": 8.08251632088731, ""decay"": 0.911380806635415, ""last_n"": 20}",0.2025239338074427,0.7420389652252197
co-visitation,5,"{""w_cart"": 3.2170709941366558, ""w_order"": 3.499625939632546, ""decay"": 0.7772923935079175, ""last_n"": 50}",0.20420505230022928,0.8307950496673584
co-visitation,6,"{""w_cart"": 5.13815585996291, ""w_order"": 7.948308390342714, ""decay"": 0.8790438700426869, ""last_n"": 10}",0.2031623691406219,0.8540349006652832
co-visitation,7,"{""w_cart"": 2.772629840649342, ""w_order"": 11.677678268343936, ""decay"": 0.9465605606610988, ""last_n"": 30}",0.20280830217788479,2.057239055633545
co-visitation,8,"{""w_cart"": 1.9731935392598379, ""w_order"": 6.133931040997376, ""decay"": 0.5219018828936144, ""last_n"": 50}",0.20516117453763363,0.8632550239562988
co-visitation,9,"{""w_cart"": 1.7714474603377393, ""w_order"": 8.513538485667, ""decay"": 0.8723810779539085, ""last_n"": 20}",0.20356456653276983,0.6128168106079102
co-visitation,10,"{""w_cart"": 2.62912679069076, ""w_order"": 5.0750567663835575, ""decay"": 0.734777905637904, ""last_n"": 50}",0.20423998798167975,0.6205148696899414
co-visitation,11,"{""w_cart"": 1.9473567954214284, ""w_order"": 2.429136558690188, ""decay"": 0.7378524631129668, ""last_n"": 20}",0.20439822741404065,0.5987038612365723
co-visitation,12,"{""w_cart"": 4.3490699734125515, ""w_order"": 5.808671107595638, ""decay"": 0.9163390980289188, ""last_n"": 10}",0.20307312281738377,0.5833420753479004
