model,method,trial,frac,params,ndcg10,edge_flags,importance
linear SVM (linear kernel),random search,0,1.0,"{""C"": 0.2918065763415279}",0.17934324297629303,[],"{""C"": 1.0}"
linear SVM (linear kernel),random search,1,1.0,"{""C"": 0.009223844883330473}",0.17930590801762317,[],"{""C"": 1.0}"
linear SVM (linear kernel),random search,2,1.0,"{""C"": 0.698307966285404}",0.17934324297629303,[],"{""C"": 1.0}"
linear SVM (linear kernel),random search,3,1.0,"{""C"": 0.13249552955184662}",0.17934443961289134,[],"{""C"": 1.0}"
linear SVM (linear kernel),random search,4,1.0,"{""C"": 0.000264023999725852}",0.17921113828348276,[],"{""C"": 1.0}"
linear SVM (linear kernel),random search,5,1.0,"{""C"": 2.3333482791427755}",0.17934324297629303,[],"{""C"": 1.0}"
linear SVM (linear kernel),random search,6,1.0,"{""C"": 0.25569058546917234}",0.17934443961289134,[],"{""C"": 1.0}"
linear SVM (linear kernel),random search,7,1.0,"{""C"": 0.3306017961353029}",0.17934324297629303,[],"{""C"": 1.0}"
linear SVM (linear kernel),random search,8,1.0,"{""C"": 0.0003746107775519256}",0.17926013743793875,[],"{""C"": 1.0}"
linear SVM (linear kernel),random search,9,1.0,"{""C"": 0.010385620651725578}",0.17930590801762317,[],"{""C"": 1.0}"
linear SVM (linear kernel),Bayesian (TPE),0,1.0,"{""C"": 0.004751836912519934}",0.17933187695993869,[],"{""C"": 1.0}"
linear SVM (linear kernel),Bayesian (TPE),1,1.0,"{""C"": 1.8049419066778851}",0.17934324297629303,[],"{""C"": 1.0}"
linear SVM (linear kernel),Bayesian (TPE),2,1.0,"{""C"": 0.1893327030371081}",0.17934443961289134,[],"{""C"": 1.0}"
linear SVM (linear kernel),Bayesian (TPE),3,1.0,"{""C"": 0.04789240251631175}",0.17934584225707872,[],"{""C"": 1.0}"
linear SVM (linear kernel),Bayesian (TPE),4,1.0,"{""C"": 0.000499475708106829}",0.17929789623281578,[],"{""C"": 1.0}"
linear SVM (linear kernel),Bayesian (TPE),5,1.0,"{""C"": 0.0004993515273965261}",0.17929789623281578,[],"{""C"": 1.0}"
linear SVM (linear kernel),Bayesian (TPE),6,1.0,"{""C"": 0.00018198993697268216}",0.17924365224460392,[],"{""C"": 1.0}"
linear SVM (linear kernel),Bayesian (TPE),7,1.0,"{""C"": 0.7550498620956362}",0.17934324297629303,[],"{""C"": 1.0}"
linear SVM (linear kernel),Bayesian (TPE),8,1.0,"{""C"": 0.0491207281028277}",0.17934584225707872,[],"{""C"": 1.0}"
linear SVM (linear kernel),Bayesian (TPE),9,1.0,"{""C"": 0.14795402621214646}",0.17934443961289134,[],"{""C"": 1.0}"
linear SVM (linear kernel),small grid,0,1.0,"{""C"": 0.001}",0.17932692585298782,[],"{""C"": 1.0}"
linear SVM (linear kernel),small grid,1,1.0,"{""C"": 0.01}",0.17930590801762317,[],"{""C"": 1.0}"
linear SVM (linear kernel),small grid,2,1.0,"{""C"": 0.1}",0.17934443961289134,[],"{""C"": 1.0}"
linear SVM (linear kernel),small grid,3,1.0,"{""C"": 1.0}",0.17934324297629303,[],"{""C"": 1.0}"
linear SVM (linear kernel),successive halving,0,0.25,"{""C"": 0.08325740940506937}",0.17917683845818674,[],"{""C"": 1.0}"
linear SVM (linear kernel),successive halving,1,0.25,"{""C"": 0.00015703173600608618}",0.17917401414495382,[],"{""C"": 1.0}"
linear SVM (linear kernel),successive halving,2,0.25,"{""C"": 0.00012293481418149048}",0.17917006412698333,[],"{""C"": 1.0}"
linear SVM (linear kernel),successive halving,3,0.25,"{""C"": 0.5718162464645599}",0.17916295996159762,[],"{""C"": 1.0}"
linear SVM (linear kernel),successive halving,4,0.25,"{""C"": 0.042531491993545584}",0.1791771743396892,[],"{""C"": 1.0}"
linear SVM (linear kernel),successive halving,5,0.25,"{""C"": 0.0010139874088399554}",0.1794634025341879,[],"{""C"": 1.0}"
linear SVM (linear kernel),successive halving,6,0.25,"{""C"": 0.2322015739866176}",0.17916295996159762,[],"{""C"": 1.0}"
linear SVM (linear kernel),successive halving,7,0.25,"{""C"": 0.001515590736119548}",0.17927211349155847,[],"{""C"": 1.0}"
linear SVM (linear kernel),successive halving,8,0.25,"{""C"": 0.007590878254640834}",0.17921386288589003,[],"{""C"": 1.0}"
linear SVM (linear kernel),successive halving,9,0.25,"{""C"": 0.010454955996926805}",0.1792003820081569,[],"{""C"": 1.0}"
linear SVM (linear kernel),successive halving,10,0.25,"{""C"": 1.8926016203442824}",0.17916295996159762,[],"{""C"": 1.0}"
linear SVM (linear kernel),successive halving,11,0.25,"{""C"": 0.9843553821427198}",0.17916295996159762,[],"{""C"": 1.0}"
linear SVM (linear kernel),successive halving,12,0.25,"{""C"": 0.0017679657233337271}",0.1792459372820756,[],"{""C"": 1.0}"
linear SVM (linear kernel),successive halving,13,0.25,"{""C"": 0.0017661672392839467}",0.1792459372820756,[],"{""C"": 1.0}"
linear SVM (linear kernel),successive halving,14,0.25,"{""C"": 0.007750741738029822}",0.17921386288589003,[],"{""C"": 1.0}"
linear SVM (linear kernel),successive halving,15,0.25,"{""C"": 0.00010429331435743704}",0.17934386856562012,[],"{""C"": 1.0}"
linear SVM (linear kernel),successive halving,0,0.5,"{""C"": 0.0010139874088399554}",0.17987642766995326,[],"{""C"": 1.0}"
linear SVM (linear kernel),successive halving,1,0.5,"{""C"": 0.00010429331435743704}",0.17933820453160934,[],"{""C"": 1.0}"
linear SVM (linear kernel),successive halving,2,0.5,"{""C"": 0.001515590736119548}",0.17997634852640543,[],"{""C"": 1.0}"
linear SVM (linear kernel),successive halving,3,0.5,"{""C"": 0.0017679657233337271}",0.1800007281154107,[],"{""C"": 1.0}"
linear SVM (linear kernel),successive halving,4,0.5,"{""C"": 0.0017661672392839467}",0.1800007281154107,[],"{""C"": 1.0}"
linear SVM (linear kernel),successive halving,0,1.0,"{""C"": 0.0017679657233337271}",0.17927899559035465,[],"{""C"": 1.0}"
linear SVM (linear kernel),successive halving,1,1.0,"{""C"": 0.0017661672392839467}",0.17927899559035465,[],"{""C"": 1.0}"
regularised linear,random search,0,1.0,"{""C"": 1.7340081076580383}",0.1781346281296695,[],"{""C"": 1.0}"
regularised linear,random search,1,1.0,"{""C"": 0.02533905595824535}",0.17821587108892167,[],"{""C"": 1.0}"
regularised linear,random search,2,1.0,"{""C"": 5.042488499761537}",0.17813419260462113,[],"{""C"": 1.0}"
regularised linear,random search,3,1.0,"{""C"": 0.6600384782292896}",0.17813736275726166,[],"{""C"": 1.0}"
regularised linear,random search,4,1.0,"{""C"": 0.00032795990642736454}",0.17720013837371473,[],"{""C"": 1.0}"
regularised linear,random search,5,1.0,"{""C"": 22.05981767835715}",0.17813419260462113,[],"{""C"": 1.0}"
regularised linear,random search,6,1.0,"{""C"": 1.4752120106080162}",0.1781346281296695,[],"{""C"": 1.0}"
regularised linear,random search,7,1.0,"{""C"": 2.0200843961479666}",0.1781346281296695,[],"{""C"": 1.0}"
regularised linear,random search,8,1.0,"{""C"": 0.0005031458565024209}",0.17774816824062953,[],"{""C"": 1.0}"
regularised linear,random search,9,1.0,"{""C"": 0.02929667904671604}",0.17816544337267334,[],"{""C"": 1.0}"
regularised linear,Bayesian (TPE),0,1.0,"{""C"": 0.011256455160077821}",0.1782867182224933,[],"{""C"": 1.0}"
regularised linear,Bayesian (TPE),1,1.0,"{""C"": 16.113041839797315}",0.17813419260462113,[],"{""C"": 1.0}"
regularised linear,Bayesian (TPE),2,1.0,"{""C"": 1.0214557958885775}",0.1781361664795826,[],"{""C"": 1.0}"
regularised linear,Bayesian (TPE),3,1.0,"{""C"": 0.19007504768569547}",0.17818385482638469,[],"{""C"": 1.0}"
regularised linear,Bayesian (TPE),4,1.0,"{""C"": 0.0007153737691768663}",0.17783096817081065,[],"{""C"": 1.0}"
regularised linear,Bayesian (TPE),5,1.0,"{""C"": 0.0007151561915580056}",0.17783096817081065,[],"{""C"": 1.0}"
regularised linear,Bayesian (TPE),6,1.0,"{""C"": 0.00020803240351859883}",0.17705687432863512,[],"{""C"": 1.0}"
regularised linear,Bayesian (TPE),7,1.0,"{""C"": 5.548195788561864}",0.17813563623709652,[],"{""C"": 1.0}"
regularised linear,Bayesian (TPE),8,1.0,"{""C"": 0.1960558508360462}",0.17818156721224584,[],"{""C"": 1.0}"
regularised linear,Bayesian (TPE),9,1.0,"{""C"": 0.755438937279475}",0.17813736275726166,[],"{""C"": 1.0}"
regularised linear,small grid,0,1.0,"{""C"": 0.001}",0.17814520797239689,[],"{""C"": 1.0}"
regularised linear,small grid,1,1.0,"{""C"": 0.01}",0.17818077474417823,[],"{""C"": 1.0}"
regularised linear,small grid,2,1.0,"{""C"": 0.1}",0.17810440079684095,[],"{""C"": 1.0}"
regularised linear,small grid,3,1.0,"{""C"": 1.0}",0.1781361664795826,[],"{""C"": 1.0}"
regularised linear,small grid,4,1.0,"{""C"": 10.0}",0.17813419260462113,[],"{""C"": 1.0}"
regularised linear,successive halving,0,0.25,"{""C"": 0.3738713241833173}",0.17876922528408712,[],"{""C"": 1.0}"
regularised linear,successive halving,1,0.25,"{""C"": 0.000173685176986267}",0.17373007480516847,[],"{""C"": 1.0}"
regularised linear,successive halving,2,0.25,"{""C"": 0.0001287373235769812}",0.17206481387381353,[],"{""C"": 1.0}"
regularised linear,successive halving,3,0.25,"{""C"": 3.9488357778740433}",0.17869107304693732,[],"{""C"": 1.0}"
regularised linear,successive halving,4,0.25,"{""C"": 0.16438177494022171}",0.1785883960287217,[],"{""C"": 1.0}"
regularised linear,successive halving,5,0.25,"{""C"": 0.0017011311313088863}",0.1776466575676545,[],"{""C"": 1.0}"
regularised linear,successive halving,6,0.25,"{""C"": 1.311165251707201}",0.1787719834064949,[],"{""C"": 1.0}"
regularised linear,successive halving,7,0.25,"{""C"": 0.002781468458834223}",0.17832244305577274,[],"{""C"": 1.0}"
regularised linear,successive halving,8,0.25,"{""C"": 0.019965028561382384}",0.1783302050740485,[],"{""C"": 1.0}"
regularised linear,successive halving,9,0.25,"{""C"": 0.029536130370001988}",0.17835305041681515,[],"{""C"": 1.0}"
regularised linear,successive halving,10,0.25,"{""C"": 17.075514050898303}",0.17868998206939668,[],"{""C"": 1.0}"
regularised linear,successive halving,11,0.25,"{""C"": 7.674561831297195}",0.17869107304693732,[],"{""C"": 1.0}"
regularised linear,successive halving,12,0.25,"{""C"": 0.003358202389713952}",0.1783857446152967,[],"{""C"": 1.0}"
regularised linear,successive halving,13,0.25,"{""C"": 0.003354023665010886}",0.178385944145346,[],"{""C"": 1.0}"
regularised linear,successive halving,14,0.25,"{""C"": 0.020480607794802652}",0.17831723355750054,[],"{""C"": 1.0}"
regularised linear,successive halving,15,0.25,"{""C"": 0.00010527716811356125}",0.1700309664792106,[],"{""C"": 1.0}"
regularised linear,successive halving,0,0.5,"{""C"": 1.311165251707201}",0.17784962116690806,[],"{""C"": 1.0}"
regularised linear,successive halving,1,0.5,"{""C"": 0.3738713241833173}",0.17785746003013228,[],"{""C"": 1.0}"
regularised linear,successive halving,2,0.5,"{""C"": 3.9488357778740433}",0.17785006146327487,[],"{""C"": 1.0}"
regularised linear,successive halving,3,0.5,"{""C"": 7.674561831297195}",0.17785006146327487,[],"{""C"": 1.0}"
regularised linear,successive halving,4,0.5,"{""C"": 17.075514050898303}",0.17785006146327487,[],"{""C"": 1.0}"
regularised linear,successive halving,0,1.0,"{""C"": 0.3738713241833173}",0.17815758830416642,[],"{""C"": 1.0}"
regularised linear,successive halving,1,1.0,"{""C"": 3.9488357778740433}",0.17813419260462113,[],"{""C"": 1.0}"
deeper tree (depth 8),random search,0,1.0,"{""max_depth"": 14, ""min_samples_leaf"": 377.3348205398464}",0.17044794688161588,[],"{""min_samples_leaf"": 0.8694679815608669, ""max_depth"": 0.13053201843913306}"
deeper tree (depth 8),random search,1,1.0,"{""max_depth"": 16, ""min_samples_leaf"": 77.14800502759866}",0.15475151151303349,[],"{""min_samples_leaf"": 0.8694679815608669, ""max_depth"": 0.13053201843913306}"
deeper tree (depth 8),random search,2,1.0,"{""max_depth"": 6, ""min_samples_leaf"": 1866.8035362515168}",0.17887232562838404,[],"{""min_samples_leaf"": 0.8694679815608669, ""max_depth"": 0.13053201843913306}"
deeper tree (depth 8),random search,3,1.0,"{""max_depth"": 15, ""min_samples_leaf"": 275.7820863480483}",0.1655142935925186,[],"{""min_samples_leaf"": 0.8694679815608669, ""max_depth"": 0.13053201843913306}"
deeper tree (depth 8),random search,4,1.0,"{""max_depth"": 9, ""min_samples_leaf"": 2210.5138019014}",0.17835777789387697,[],"{""min_samples_leaf"": 0.8694679815608669, ""max_depth"": 0.13053201843913306}"
deeper tree (depth 8),random search,5,1.0,"{""max_depth"": 5, ""min_samples_leaf"": 642.8943046052334}",0.1779239940948482,[],"{""min_samples_leaf"": 0.8694679815608669, ""max_depth"": 0.13053201843913306}"
deeper tree (depth 8),random search,6,1.0,"{""max_depth"": 13, ""min_samples_leaf"": 916.8510835522959}",0.17528111009811656,[],"{""min_samples_leaf"": 0.8694679815608669, ""max_depth"": 0.13053201843913306}"
deeper tree (depth 8),random search,7,1.0,"{""max_depth"": 15, ""min_samples_leaf"": 4368.839127720996}",0.1778592553563482,[],"{""min_samples_leaf"": 0.8694679815608669, ""max_depth"": 0.13053201843913306}"
deeper tree (depth 8),random search,8,1.0,"{""max_depth"": 10, ""min_samples_leaf"": 122.531406886009}",0.1733221493756364,[],"{""min_samples_leaf"": 0.8694679815608669, ""max_depth"": 0.13053201843913306}"
deeper tree (depth 8),random search,9,1.0,"{""max_depth"": 12, ""min_samples_leaf"": 101.75341376835733}",0.16724673914548913,[],"{""min_samples_leaf"": 0.8694679815608669, ""max_depth"": 0.13053201843913306}"
deeper tree (depth 8),Bayesian (TPE),0,1.0,"{""max_depth"": 8, ""min_samples_leaf"": 3984.7274093219685}",0.17830969249466277,[],"{""min_samples_leaf"": 0.8694679815608669, ""max_depth"": 0.13053201843913306}"
deeper tree (depth 8),Bayesian (TPE),1,1.0,"{""max_depth"": 13, ""min_samples_leaf"": 787.5660249889864}",0.17488485755605462,[],"{""min_samples_leaf"": 0.8694679815608669, ""max_depth"": 0.13053201843913306}"
deeper tree (depth 8),Bayesian (TPE),2,1.0,"{""max_depth"": 6, ""min_samples_leaf"": 102.55552094216986}",0.17801878903041657,[],"{""min_samples_leaf"": 0.8694679815608669, ""max_depth"": 0.13053201843913306}"
deeper tree (depth 8),Bayesian (TPE),3,1.0,"{""max_depth"": 4, ""min_samples_leaf"": 2699.7422048937174}",0.17768522185594948,[],"{""min_samples_leaf"": 0.8694679815608669, ""max_depth"": 0.13053201843913306}"
deeper tree (depth 8),Bayesian (TPE),4,1.0,"{""max_depth"": 11, ""min_samples_leaf"": 1303.5123791853835}",0.1768825841565571,[],"{""min_samples_leaf"": 0.8694679815608669, ""max_depth"": 0.13053201843913306}"
deeper tree (depth 8),Bayesian (TPE),5,1.0,"{""max_depth"": 4, ""min_samples_leaf"": 4353.0104391524255}",0.17768522185594948,[],"{""min_samples_leaf"": 0.8694679815608669, ""max_depth"": 0.13053201843913306}"
deeper tree (depth 8),Bayesian (TPE),6,1.0,"{""max_depth"": 14, ""min_samples_leaf"": 132.93771991636342}",0.16367769464491866,[],"{""min_samples_leaf"": 0.8694679815608669, ""max_depth"": 0.13053201843913306}"
deeper tree (depth 8),Bayesian (TPE),7,1.0,"{""max_depth"": 6, ""min_samples_leaf"": 116.35338541918895}",0.17801878903041657,[],"{""min_samples_leaf"": 0.8694679815608669, ""max_depth"": 0.13053201843913306}"
deeper tree (depth 8),Bayesian (TPE),8,1.0,"{""max_depth"": 7, ""min_samples_leaf"": 560.3803105930285}",0.17899205456500908,[],"{""min_samples_leaf"": 0.8694679815608669, ""max_depth"": 0.13053201843913306}"
deeper tree (depth 8),Bayesian (TPE),9,1.0,"{""max_depth"": 9, ""min_samples_leaf"": 191.17376123375928}",0.17658819307109808,[],"{""min_samples_leaf"": 0.8694679815608669, ""max_depth"": 0.13053201843913306}"
deeper tree (depth 8),small grid,0,1.0,"{""max_depth"": 6, ""min_samples_leaf"": 100}",0.17801002340368613,[],"{""min_samples_leaf"": 0.8694679815608669, ""max_depth"": 0.13053201843913306}"
deeper tree (depth 8),small grid,1,1.0,"{""max_depth"": 6, ""min_samples_leaf"": 500}",0.17871376822795984,[],"{""min_samples_leaf"": 0.8694679815608669, ""max_depth"": 0.13053201843913306}"
deeper tree (depth 8),small grid,2,1.0,"{""max_depth"": 6, ""min_samples_leaf"": 2000}",0.17858982959393477,[],"{""min_samples_leaf"": 0.8694679815608669, ""max_depth"": 0.13053201843913306}"
deeper tree (depth 8),small grid,3,1.0,"{""max_depth"": 8, ""min_samples_leaf"": 100}",0.17804259193309682,[],"{""min_samples_leaf"": 0.8694679815608669, ""max_depth"": 0.13053201843913306}"
deeper tree (depth 8),small grid,4,1.0,"{""max_depth"": 8, ""min_samples_leaf"": 500}",0.1767331323601464,[],"{""min_samples_leaf"": 0.8694679815608669, ""max_depth"": 0.13053201843913306}"
deeper tree (depth 8),small grid,5,1.0,"{""max_depth"": 8, ""min_samples_leaf"": 2000}",0.17842575666561242,[],"{""min_samples_leaf"": 0.8694679815608669, ""max_depth"": 0.13053201843913306}"
deeper tree (depth 8),small grid,6,1.0,"{""max_depth"": 12, ""min_samples_leaf"": 100}",0.16716404231561968,[],"{""min_samples_leaf"": 0.8694679815608669, ""max_depth"": 0.13053201843913306}"
deeper tree (depth 8),small grid,7,1.0,"{""max_depth"": 12, ""min_samples_leaf"": 500}",0.17247234893761434,[],"{""min_samples_leaf"": 0.8694679815608669, ""max_depth"": 0.13053201843913306}"
deeper tree (depth 8),small grid,8,1.0,"{""max_depth"": 12, ""min_samples_leaf"": 2000}",0.1779550323371297,[],"{""min_samples_leaf"": 0.8694679815608669, ""max_depth"": 0.13053201843913306}"
deeper tree (depth 8),small grid,9,1.0,"{""max_depth"": 16, ""min_samples_leaf"": 100}",0.15739476090788962,[],"{""min_samples_leaf"": 0.8694679815608669, ""max_depth"": 0.13053201843913306}"
deeper tree (depth 8),small grid,10,1.0,"{""max_depth"": 16, ""min_samples_leaf"": 500}",0.17091501521303643,[],"{""min_samples_leaf"": 0.8694679815608669, ""max_depth"": 0.13053201843913306}"
deeper tree (depth 8),small grid,11,1.0,"{""max_depth"": 16, ""min_samples_leaf"": 2000}",0.17798418916239922,[],"{""min_samples_leaf"": 0.8694679815608669, ""max_depth"": 0.13053201843913306}"
deeper tree (depth 8),successive halving,0,0.25,"{""max_depth"": 4, ""min_samples_leaf"": 61.16748886877124}",0.16703087428858795,[],"{""min_samples_leaf"": 0.8694679815608669, ""max_depth"": 0.13053201843913306}"
deeper tree (depth 8),successive halving,1,0.25,"{""max_depth"": 7, ""min_samples_leaf"": 746.8890622732106}",0.1747360492201057,[],"{""min_samples_leaf"": 0.8694679815608669, ""max_depth"": 0.13053201843913306}"
deeper tree (depth 8),successive halving,2,0.25,"{""max_depth"": 9, ""min_samples_leaf"": 168.4047741613653}",0.16821294093879965,[],"{""min_samples_leaf"": 0.8694679815608669, ""max_depth"": 0.13053201843913306}"
deeper tree (depth 8),successive halving,3,0.25,"{""max_depth"": 15, ""min_samples_leaf"": 4070.0445482696964}",0.1667342236786694,[],"{""min_samples_leaf"": 0.8694679815608669, ""max_depth"": 0.13053201843913306}"
deeper tree (depth 8),successive halving,4,0.25,"{""max_depth"": 9, ""min_samples_leaf"": 180.3177999372862}",0.1687412281593472,[],"{""min_samples_leaf"": 0.8694679815608669, ""max_depth"": 0.13053201843913306}"
deeper tree (depth 8),successive halving,5,0.25,"{""max_depth"": 15, ""min_samples_leaf"": 207.40419669760385}",0.16119356333996762,[],"{""min_samples_leaf"": 0.8694679815608669, ""max_depth"": 0.13053201843913306}"
deeper tree (depth 8),successive halving,6,0.25,"{""max_depth"": 10, ""min_samples_leaf"": 587.795854090163}",0.1723452617283677,[],"{""min_samples_leaf"": 0.8694679815608669, ""max_depth"": 0.13053201843913306}"
deeper tree (depth 8),successive halving,7,0.25,"{""max_depth"": 15, ""min_samples_leaf"": 767.9242447513822}",0.17284107609320334,[],"{""min_samples_leaf"": 0.8694679815608669, ""max_depth"": 0.13053201843913306}"
deeper tree (depth 8),successive halving,8,0.25,"{""max_depth"": 5, ""min_samples_leaf"": 58.41162830487628}",0.1722788404255886,[],"{""min_samples_leaf"": 0.8694679815608669, ""max_depth"": 0.13053201843913306}"
deeper tree (depth 8),successive halving,9,0.25,"{""max_depth"": 8, ""min_samples_leaf"": 89.38094506145984}",0.1706037637879748,[],"{""min_samples_leaf"": 0.8694679815608669, ""max_depth"": 0.13053201843913306}"
deeper tree (depth 8),successive halving,10,0.25,"{""max_depth"": 5, ""min_samples_leaf"": 632.4994985196455}",0.17386749724770853,[],"{""min_samples_leaf"": 0.8694679815608669, ""max_depth"": 0.13053201843913306}"
deeper tree (depth 8),successive halving,11,0.25,"{""max_depth"": 5, ""min_samples_leaf"": 645.3616118975175}",0.17386749724770853,[],"{""min_samples_leaf"": 0.8694679815608669, ""max_depth"": 0.13053201843913306}"
deeper tree (depth 8),successive halving,12,0.25,"{""max_depth"": 8, ""min_samples_leaf"": 510.59140826173126}",0.1743982248128759,[],"{""min_samples_leaf"": 0.8694679815608669, ""max_depth"": 0.13053201843913306}"
deeper tree (depth 8),successive halving,13,0.25,"{""max_depth"": 5, ""min_samples_leaf"": 337.3587723639972}",0.1730333987009859,[],"{""min_samples_leaf"": 0.8694679815608669, ""max_depth"": 0.13053201843913306}"
deeper tree (depth 8),successive halving,14,0.25,"{""max_depth"": 11, ""min_samples_leaf"": 70.32046396319082}",0.15683153309306821,[],"{""min_samples_leaf"": 0.8694679815608669, ""max_depth"": 0.13053201843913306}"
deeper tree (depth 8),successive halving,15,0.25,"{""max_depth"": 14, ""min_samples_leaf"": 598.7115544941386}",0.1711327801048755,[],"{""min_samples_leaf"": 0.8694679815608669, ""max_depth"": 0.13053201843913306}"
deeper tree (depth 8),successive halving,0,0.5,"{""max_depth"": 7, ""min_samples_leaf"": 746.8890622732106}",0.17595934814761627,[],"{""min_samples_leaf"": 0.8694679815608669, ""max_depth"": 0.13053201843913306}"
deeper tree (depth 8),successive halving,1,0.5,"{""max_depth"": 8, ""min_samples_leaf"": 510.59140826173126}",0.17457656378634756,[],"{""min_samples_leaf"": 0.8694679815608669, ""max_depth"": 0.13053201843913306}"
deeper tree (depth 8),successive halving,2,0.5,"{""max_depth"": 5, ""min_samples_leaf"": 632.4994985196455}",0.17728286335891455,[],"{""min_samples_leaf"": 0.8694679815608669, ""max_depth"": 0.13053201843913306}"
deeper tree (depth 8),successive halving,3,0.5,"{""max_depth"": 5, ""min_samples_leaf"": 645.3616118975175}",0.17728286335891455,[],"{""min_samples_leaf"": 0.8694679815608669, ""max_depth"": 0.13053201843913306}"
deeper tree (depth 8),successive halving,4,0.5,"{""max_depth"": 5, ""min_samples_leaf"": 337.3587723639972}",0.17712815246970562,[],"{""min_samples_leaf"": 0.8694679815608669, ""max_depth"": 0.13053201843913306}"
deeper tree (depth 8),successive halving,0,1.0,"{""max_depth"": 5, ""min_samples_leaf"": 632.4994985196455}",0.1779239940948482,[],"{""min_samples_leaf"": 0.8694679815608669, ""max_depth"": 0.13053201843913306}"
deeper tree (depth 8),successive halving,1,1.0,"{""max_depth"": 5, ""min_samples_leaf"": 645.3616118975175}",0.1779239940948482,[],"{""min_samples_leaf"": 0.8694679815608669, ""max_depth"": 0.13053201843913306}"
histogram gradient boosting (scikit-learn),random search,0,1.0,"{""learning_rate"": 0.13906791054091117, ""max_iter"": 391, ""max_leaf_nodes"": 49, ""min_samples_leaf"": 1240.8122215074934, ""l2"": 0.0023807258718953556}",0.18083470512780794,"[""l2""]","{""learning_rate"": 0.2598231994094477, ""l2"": 0.21978548770248332, ""max_leaf_nodes"": 0.2083541563952188, ""min_samples_leaf"": 0.16668292616866653, ""max_iter"": 0.14535423032418368}"
histogram gradient boosting (scikit-learn),random search,1,1.0,"{""learning_rate"": 0.14491465021655348, ""max_iter"": 275, ""max_leaf_nodes"": 53, ""min_samples_leaf"": 275.7820863480483, ""l2"": 5.0940119025877415}",0.18098909887888107,"[""l2""]","{""learning_rate"": 0.2598231994094477, ""l2"": 0.21978548770248332, ""max_leaf_nodes"": 0.2083541563952188, ""min_samples_leaf"": 0.16668292616866653, ""max_iter"": 0.14535423032418368}"
histogram gradient boosting (scikit-learn),random search,2,1.0,"{""learning_rate"": 0.045183153402851416, ""max_iter"": 271, ""max_leaf_nodes"": 49, ""min_samples_leaf"": 67.08177050844458, ""l2"": 2.0442061379533003}",0.1813576799855318,"[""l2""]","{""learning_rate"": 0.2598231994094477, ""l2"": 0.21978548770248332, ""max_leaf_nodes"": 0.2083541563952188, ""min_samples_leaf"": 0.16668292616866653, ""max_iter"": 0.14535423032418368}"
histogram gradient boosting (scikit-learn),random search,3,1.0,"{""learning_rate"": 0.03339472280097697, ""max_iter"": 213, ""max_leaf_nodes"": 7, ""min_samples_leaf"": 1801.9261938423917, ""l2"": 0.006005578269385879}",0.1816543527515695,"[""l2""]","{""learning_rate"": 0.2598231994094477, ""l2"": 0.21978548770248332, ""max_leaf_nodes"": 0.2083541563952188, ""min_samples_leaf"": 0.16668292616866653, ""max_iter"": 0.14535423032418368}"
histogram gradient boosting (scikit-learn),random search,4,1.0,"{""learning_rate"": 0.01690068425265491, ""max_iter"": 180, ""max_leaf_nodes"": 32, ""min_samples_leaf"": 4305.16171186262, ""l2"": 0.02010487755939853}",0.18112077383524872,"[""l2""]","{""learning_rate"": 0.2598231994094477, ""l2"": 0.21978548770248332, ""max_leaf_nodes"": 0.2083541563952188, ""min_samples_leaf"": 0.16668292616866653, ""max_iter"": 0.14535423032418368}"
histogram gradient boosting (scikit-learn),random search,5,1.0,"{""learning_rate"": 0.01904899955529972, ""max_iter"": 203, ""max_leaf_nodes"": 53, ""min_samples_leaf"": 142.1636948934411, ""l2"": 0.47781081849265533}",0.1812990641235016,"[""l2""]","{""learning_rate"": 0.2598231994094477, ""l2"": 0.21978548770248332, ""max_leaf_nodes"": 0.2083541563952188, ""min_samples_leaf"": 0.16668292616866653, ""max_iter"": 0.14535423032418368}"
histogram gradient boosting (scikit-learn),random search,6,1.0,"{""learning_rate"": 0.10823717935982186, ""max_iter"": 151, ""max_leaf_nodes"": 44, ""min_samples_leaf"": 2034.6921958344499, ""l2"": 0.035474273997484596}",0.18101519954088227,"[""l2""]","{""learning_rate"": 0.2598231994094477, ""l2"": 0.21978548770248332, ""max_leaf_nodes"": 0.2083541563952188, ""min_samples_leaf"": 0.16668292616866653, ""max_iter"": 0.14535423032418368}"
histogram gradient boosting (scikit-learn),random search,7,1.0,"{""learning_rate"": 0.016085381438354866, ""max_iter"": 297, ""max_leaf_nodes"": 50, ""min_samples_leaf"": 1874.212194781567, ""l2"": 0.45646073619608424}",0.1812030016478042,"[""l2""]","{""learning_rate"": 0.2598231994094477, ""l2"": 0.21978548770248332, ""max_leaf_nodes"": 0.2083541563952188, ""min_samples_leaf"": 0.16668292616866653, ""max_iter"": 0.14535423032418368}"
histogram gradient boosting (scikit-learn),random search,8,1.0,"{""learning_rate"": 0.04762930519509521, ""max_iter"": 215, ""max_leaf_nodes"": 37, ""min_samples_leaf"": 84.72862359475451, ""l2"": 0.47164132107433965}",0.18164049836843846,"[""l2""]","{""learning_rate"": 0.2598231994094477, ""l2"": 0.21978548770248332, ""max_leaf_nodes"": 0.2083541563952188, ""min_samples_leaf"": 0.16668292616866653, ""max_iter"": 0.14535423032418368}"
histogram gradient boosting (scikit-learn),random search,9,1.0,"{""learning_rate"": 0.13489506822685748, ""max_iter"": 61, ""max_leaf_nodes"": 30, ""min_samples_leaf"": 656.7261744079934, ""l2"": 0.01643616120887586}",0.18134797023876667,"[""l2""]","{""learning_rate"": 0.2598231994094477, ""l2"": 0.21978548770248332, ""max_leaf_nodes"": 0.2083541563952188, ""min_samples_leaf"": 0.16668292616866653, ""max_iter"": 0.14535423032418368}"
histogram gradient boosting (scikit-learn),Bayesian (TPE),0,1.0,"{""learning_rate"": 0.03574712922600244, ""max_iter"": 383, ""max_leaf_nodes"": 47, ""min_samples_leaf"": 787.5660249889864, ""l2"": 0.004207988669606638}",0.1814652288981284,"[""l2""]","{""learning_rate"": 0.2598231994094477, ""l2"": 0.21978548770248332, ""max_leaf_nodes"": 0.2083541563952188, ""min_samples_leaf"": 0.16668292616866653, ""max_iter"": 0.14535423032418368}"
histogram gradient boosting (scikit-learn),Bayesian (TPE),1,1.0,"{""learning_rate"": 0.01699897838270077, ""max_iter"": 70, ""max_leaf_nodes"": 55, ""min_samples_leaf"": 796.5261308120506, ""l2"": 0.6796578090758157}",0.1814925049837801,"[""l2""]","{""learning_rate"": 0.2598231994094477, ""l2"": 0.21978548770248332, ""max_leaf_nodes"": 0.2083541563952188, ""min_samples_leaf"": 0.16668292616866653, ""max_iter"": 0.14535423032418368}"
histogram gradient boosting (scikit-learn),Bayesian (TPE),2,1.0,"{""learning_rate"": 0.010725209743171997, ""max_iter"": 390, ""max_leaf_nodes"": 53, ""min_samples_leaf"": 132.93771991636342, ""l2"": 0.005337032762603957}",0.1813373327076194,"[""l2""]","{""learning_rate"": 0.2598231994094477, ""l2"": 0.21978548770248332, ""max_leaf_nodes"": 0.2083541563952188, ""min_samples_leaf"": 0.16668292616866653, ""max_iter"": 0.14535423032418368}"
histogram gradient boosting (scikit-learn),Bayesian (TPE),3,1.0,"{""learning_rate"": 0.018659959624904923, ""max_iter"": 156, ""max_leaf_nodes"": 35, ""min_samples_leaf"": 365.47699179564546, ""l2"": 0.014618962793704969}",0.1815154760812807,"[""l2""]","{""learning_rate"": 0.2598231994094477, ""l2"": 0.21978548770248332, ""max_leaf_nodes"": 0.2083541563952188, ""min_samples_leaf"": 0.16668292616866653, ""max_iter"": 0.14535423032418368}"
histogram gradient boosting (scikit-learn),Bayesian (TPE),4,1.0,"{""learning_rate"": 0.08012737503998542, ""max_iter"": 98, ""max_leaf_nodes"": 21, ""min_samples_leaf"": 270.2051927323664, ""l2"": 0.06672367170464209}",0.18161313482515062,"[""l2""]","{""learning_rate"": 0.2598231994094477, ""l2"": 0.21978548770248332, ""max_leaf_nodes"": 0.2083541563952188, ""min_samples_leaf"": 0.16668292616866653, ""max_iter"": 0.14535423032418368}"
histogram gradient boosting (scikit-learn),Bayesian (TPE),5,1.0,"{""learning_rate"": 0.14447746112718687, ""max_iter"": 120, ""max_leaf_nodes"": 34, ""min_samples_leaf"": 765.2426060915734, ""l2"": 0.0015339162591163618}",0.18108677285029742,"[""l2""]","{""learning_rate"": 0.2598231994094477, ""l2"": 0.21978548770248332, ""max_leaf_nodes"": 0.2083541563952188, ""min_samples_leaf"": 0.16668292616866653, ""max_iter"": 0.14535423032418368}"
histogram gradient boosting (scikit-learn),Bayesian (TPE),6,1.0,"{""learning_rate"": 0.07896186801026692, ""max_iter"": 109, ""max_leaf_nodes"": 7, ""min_samples_leaf"": 3951.309774854117, ""l2"": 7.286653737491043}",0.18107459665301606,"[""l2""]","{""learning_rate"": 0.2598231994094477, ""l2"": 0.21978548770248332, ""max_leaf_nodes"": 0.2083541563952188, ""min_samples_leaf"": 0.16668292616866653, ""max_iter"": 0.14535423032418368}"
histogram gradient boosting (scikit-learn),Bayesian (TPE),7,1.0,"{""learning_rate"": 0.1563510870813346, ""max_iter"": 156, ""max_leaf_nodes"": 9, ""min_samples_leaf"": 1167.9817513130797, ""l2"": 0.057624872164786005}",0.1817085746035131,"[""l2""]","{""learning_rate"": 0.2598231994094477, ""l2"": 0.21978548770248332, ""max_leaf_nodes"": 0.2083541563952188, ""min_samples_leaf"": 0.16668292616866653, ""max_iter"": 0.14535423032418368}"
histogram gradient boosting (scikit-learn),Bayesian (TPE),8,1.0,"{""learning_rate"": 0.015144860262751412, ""max_iter"": 223, ""max_leaf_nodes"": 6, ""min_samples_leaf"": 3293.144658791557, ""l2"": 0.010842262717330166}",0.1814694465540938,"[""l2""]","{""learning_rate"": 0.2598231994094477, ""l2"": 0.21978548770248332, ""max_leaf_nodes"": 0.2083541563952188, ""min_samples_leaf"": 0.16668292616866653, ""max_iter"": 0.14535423032418368}"
histogram gradient boosting (scikit-learn),Bayesian (TPE),9,1.0,"{""learning_rate"": 0.09519754482692679, ""max_iter"": 159, ""max_leaf_nodes"": 35, ""min_samples_leaf"": 619.9983918423046, ""l2"": 0.0054880470007660455}",0.18138486604566376,"[""l2""]","{""learning_rate"": 0.2598231994094477, ""l2"": 0.21978548770248332, ""max_leaf_nodes"": 0.2083541563952188, ""min_samples_leaf"": 0.16668292616866653, ""max_iter"": 0.14535423032418368}"
histogram gradient boosting (scikit-learn),small grid,0,1.0,"{""learning_rate"": 0.03, ""max_leaf_nodes"": 8, ""min_samples_leaf"": 100, ""max_iter"": 150}",0.1818166163438052,"[""l2""]","{""learning_rate"": 0.2598231994094477, ""l2"": 0.21978548770248332, ""max_leaf_nodes"": 0.2083541563952188, ""min_samples_leaf"": 0.16668292616866653, ""max_iter"": 0.14535423032418368}"
histogram gradient boosting (scikit-learn),small grid,1,1.0,"{""learning_rate"": 0.03, ""max_leaf_nodes"": 8, ""min_samples_leaf"": 1000, ""max_iter"": 150}",0.18150616068961803,"[""l2""]","{""learning_rate"": 0.2598231994094477, ""l2"": 0.21978548770248332, ""max_leaf_nodes"": 0.2083541563952188, ""min_samples_leaf"": 0.16668292616866653, ""max_iter"": 0.14535423032418368}"
histogram gradient boosting (scikit-learn),small grid,2,1.0,"{""learning_rate"": 0.03, ""max_leaf_nodes"": 31, ""min_samples_leaf"": 100, ""max_iter"": 150}",0.18171092301234848,"[""l2""]","{""learning_rate"": 0.2598231994094477, ""l2"": 0.21978548770248332, ""max_leaf_nodes"": 0.2083541563952188, ""min_samples_leaf"": 0.16668292616866653, ""max_iter"": 0.14535423032418368}"
histogram gradient boosting (scikit-learn),small grid,3,1.0,"{""learning_rate"": 0.03, ""max_leaf_nodes"": 31, ""min_samples_leaf"": 1000, ""max_iter"": 150}",0.18140535390983717,"[""l2""]","{""learning_rate"": 0.2598231994094477, ""l2"": 0.21978548770248332, ""max_leaf_nodes"": 0.2083541563952188, ""min_samples_leaf"": 0.16668292616866653, ""max_iter"": 0.14535423032418368}"
histogram gradient boosting (scikit-learn),small grid,4,1.0,"{""learning_rate"": 0.1, ""max_leaf_nodes"": 8, ""min_samples_leaf"": 100, ""max_iter"": 150}",0.18179711105316917,"[""l2""]","{""learning_rate"": 0.2598231994094477, ""l2"": 0.21978548770248332, ""max_leaf_nodes"": 0.2083541563952188, ""min_samples_leaf"": 0.16668292616866653, ""max_iter"": 0.14535423032418368}"
histogram gradient boosting (scikit-learn),small grid,5,1.0,"{""learning_rate"": 0.1, ""max_leaf_nodes"": 8, ""min_samples_leaf"": 1000, ""max_iter"": 150}",0.1813203989405563,"[""l2""]","{""learning_rate"": 0.2598231994094477, ""l2"": 0.21978548770248332, ""max_leaf_nodes"": 0.2083541563952188, ""min_samples_leaf"": 0.16668292616866653, ""max_iter"": 0.14535423032418368}"
histogram gradient boosting (scikit-learn),small grid,6,1.0,"{""learning_rate"": 0.1, ""max_leaf_nodes"": 31, ""min_samples_leaf"": 100, ""max_iter"": 150}",0.18170008664018691,"[""l2""]","{""learning_rate"": 0.2598231994094477, ""l2"": 0.21978548770248332, ""max_leaf_nodes"": 0.2083541563952188, ""min_samples_leaf"": 0.16668292616866653, ""max_iter"": 0.14535423032418368}"
histogram gradient boosting (scikit-learn),small grid,7,1.0,"{""learning_rate"": 0.1, ""max_leaf_nodes"": 31, ""min_samples_leaf"": 1000, ""max_iter"": 150}",0.1813977998822606,"[""l2""]","{""learning_rate"": 0.2598231994094477, ""l2"": 0.21978548770248332, ""max_leaf_nodes"": 0.2083541563952188, ""min_samples_leaf"": 0.16668292616866653, ""max_iter"": 0.14535423032418368}"
histogram gradient boosting (scikit-learn),small grid,8,1.0,"{""learning_rate"": 0.3, ""max_leaf_nodes"": 8, ""min_samples_leaf"": 100, ""max_iter"": 150}",0.18120722970073536,"[""l2""]","{""learning_rate"": 0.2598231994094477, ""l2"": 0.21978548770248332, ""max_leaf_nodes"": 0.2083541563952188, ""min_samples_leaf"": 0.16668292616866653, ""max_iter"": 0.14535423032418368}"
histogram gradient boosting (scikit-learn),small grid,9,1.0,"{""learning_rate"": 0.3, ""max_leaf_nodes"": 8, ""min_samples_leaf"": 1000, ""max_iter"": 150}",0.18142858914236926,"[""l2""]","{""learning_rate"": 0.2598231994094477, ""l2"": 0.21978548770248332, ""max_leaf_nodes"": 0.2083541563952188, ""min_samples_leaf"": 0.16668292616866653, ""max_iter"": 0.14535423032418368}"
histogram gradient boosting (scikit-learn),small grid,10,1.0,"{""learning_rate"": 0.3, ""max_leaf_nodes"": 31, ""min_samples_leaf"": 100, ""max_iter"": 150}",0.18086780497869948,"[""l2""]","{""learning_rate"": 0.2598231994094477, ""l2"": 0.21978548770248332, ""max_leaf_nodes"": 0.2083541563952188, ""min_samples_leaf"": 0.16668292616866653, ""max_iter"": 0.14535423032418368}"
histogram gradient boosting (scikit-learn),small grid,11,1.0,"{""learning_rate"": 0.3, ""max_leaf_nodes"": 31, ""min_samples_leaf"": 1000, ""max_iter"": 150}",0.1804983054511673,"[""l2""]","{""learning_rate"": 0.2598231994094477, ""l2"": 0.21978548770248332, ""max_leaf_nodes"": 0.2083541563952188, ""min_samples_leaf"": 0.16668292616866653, ""max_iter"": 0.14535423032418368}"
histogram gradient boosting (scikit-learn),successive halving,0,0.25,"{""learning_rate"": 0.09194436237832149, ""max_iter"": 129, ""max_leaf_nodes"": 48, ""min_samples_leaf"": 2384.488154729358, ""l2"": 0.2231373085373426}",0.1746194627503039,"[""l2""]","{""learning_rate"": 0.2598231994094477, ""l2"": 0.21978548770248332, ""max_leaf_nodes"": 0.2083541563952188, ""min_samples_leaf"": 0.16668292616866653, ""max_iter"": 0.14535423032418368}"
histogram gradient boosting (scikit-learn),successive halving,1,0.25,"{""learning_rate"": 0.02451914656080224, ""max_iter"": 148, ""max_leaf_nodes"": 20, ""min_samples_leaf"": 4070.0445482696964, ""l2"": 3.6949339270708434}",0.1737997366742535,"[""l2""]","{""learning_rate"": 0.2598231994094477, ""l2"": 0.21978548770248332, ""max_leaf_nodes"": 0.2083541563952188, ""min_samples_leaf"": 0.16668292616866653, ""max_iter"": 0.14535423032418368}"
histogram gradient boosting (scikit-learn),successive halving,2,0.25,"{""learning_rate"": 0.04200921260747154, ""max_iter"": 237, ""max_leaf_nodes"": 33, ""min_samples_leaf"": 4003.8521990947634, ""l2"": 2.253300500028609}",0.17266769034565832,"[""l2""]","{""learning_rate"": 0.2598231994094477, ""l2"": 0.21978548770248332, ""max_leaf_nodes"": 0.2083541563952188, ""min_samples_leaf"": 0.16668292616866653, ""max_iter"": 0.14535423032418368}"
histogram gradient boosting (scikit-learn),successive halving,3,0.25,"{""learning_rate"": 0.24892396362477676, ""max_iter"": 91, ""max_leaf_nodes"": 49, ""min_samples_leaf"": 4951.462484308948, ""l2"": 0.0013647673284908103}",0.16671169681905776,"[""l2""]","{""learning_rate"": 0.2598231994094477, ""l2"": 0.21978548770248332, ""max_leaf_nodes"": 0.2083541563952188, ""min_samples_leaf"": 0.16668292616866653, ""max_iter"": 0.14535423032418368}"
histogram gradient boosting (scikit-learn),successive halving,4,0.25,"{""learning_rate"": 0.015357493368750029, ""max_iter"": 208, ""max_leaf_nodes"": 37, ""min_samples_leaf"": 632.4994985196455, ""l2"": 0.0015939659843218264}",0.17923794657229972,"[""l2""]","{""learning_rate"": 0.2598231994094477, ""l2"": 0.21978548770248332, ""max_leaf_nodes"": 0.2083541563952188, ""min_samples_leaf"": 0.16668292616866653, ""max_iter"": 0.14535423032418368}"
histogram gradient boosting (scikit-learn),successive halving,5,0.25,"{""learning_rate"": 0.014997860660373369, ""max_iter"": 195, ""max_leaf_nodes"": 10, ""min_samples_leaf"": 202.72169345775524, ""l2"": 0.04691863196196906}",0.18121418530224317,"[""l2""]","{""learning_rate"": 0.2598231994094477, ""l2"": 0.21978548770248332, ""max_leaf_nodes"": 0.2083541563952188, ""min_samples_leaf"": 0.16668292616866653, ""max_iter"": 0.14535423032418368}"
histogram gradient boosting (scikit-learn),successive halving,6,0.25,"{""learning_rate"": 0.07388256780121819, ""max_iter"": 348, ""max_leaf_nodes"": 21, ""min_samples_leaf"": 73.23404730757797, ""l2"": 0.14338221019391523}",0.1791972607076365,"[""l2""]","{""learning_rate"": 0.2598231994094477, ""l2"": 0.21978548770248332, ""max_leaf_nodes"": 0.2083541563952188, ""min_samples_leaf"": 0.16668292616866653, ""max_iter"": 0.14535423032418368}"
histogram gradient boosting (scikit-learn),successive halving,7,0.25,"{""learning_rate"": 0.013250253481238502, ""max_iter"": 51, ""max_leaf_nodes"": 54, ""min_samples_leaf"": 838.1103768507594, ""l2"": 0.004037637465571749}",0.17449241836709464,"[""l2""]","{""learning_rate"": 0.2598231994094477, ""l2"": 0.21978548770248332, ""max_leaf_nodes"": 0.2083541563952188, ""min_samples_leaf"": 0.16668292616866653, ""max_iter"": 0.14535423032418368}"
histogram gradient boosting (scikit-learn),successive halving,8,0.25,"{""learning_rate"": 0.0470134480565136, ""max_iter"": 163, ""max_leaf_nodes"": 15, ""min_samples_leaf"": 1680.5989202665273, ""l2"": 2.8037304646519017}",0.17895116674728495,"[""l2""]","{""learning_rate"": 0.2598231994094477, ""l2"": 0.21978548770248332, ""max_leaf_nodes"": 0.2083541563952188, ""min_samples_leaf"": 0.16668292616866653, ""max_iter"": 0.14535423032418368}"
histogram gradient boosting (scikit-learn),successive halving,9,0.25,"{""learning_rate"": 0.010441544201735143, ""max_iter"": 340, ""max_leaf_nodes"": 33, ""min_samples_leaf"": 679.2118695510754, ""l2"": 3.275404014118791}",0.17920646213526356,"[""l2""]","{""learning_rate"": 0.2598231994094477, ""l2"": 0.21978548770248332, ""max_leaf_nodes"": 0.2083541563952188, ""min_samples_leaf"": 0.16668292616866653, ""max_iter"": 0.14535423032418368}"
histogram gradient boosting (scikit-learn),successive halving,10,0.25,"{""learning_rate"": 0.01517852344218915, ""max_iter"": 281, ""max_leaf_nodes"": 53, ""min_samples_leaf"": 2888.5615532691004, ""l2"": 0.4969381893183894}",0.17380503420317459,"[""l2""]","{""learning_rate"": 0.2598231994094477, ""l2"": 0.21978548770248332, ""max_leaf_nodes"": 0.2083541563952188, ""min_samples_leaf"": 0.16668292616866653, ""max_iter"": 0.14535423032418368}"
histogram gradient boosting (scikit-learn),successive halving,11,0.25,"{""learning_rate"": 0.10347585872682127, ""max_iter"": 359, ""max_leaf_nodes"": 42, ""min_samples_leaf"": 314.7628938607324, ""l2"": 0.08818082378533564}",0.17818315691761213,"[""l2""]","{""learning_rate"": 0.2598231994094477, ""l2"": 0.21978548770248332, ""max_leaf_nodes"": 0.2083541563952188, ""min_samples_leaf"": 0.16668292616866653, ""max_iter"": 0.14535423032418368}"
histogram gradient boosting (scikit-learn),successive halving,12,0.25,"{""learning_rate"": 0.16569591760895708, ""max_iter"": 127, ""max_leaf_nodes"": 59, ""min_samples_leaf"": 1248.9812403402686, ""l2"": 0.6002126058520768}",0.17617146846985354,"[""l2""]","{""learning_rate"": 0.2598231994094477, ""l2"": 0.21978548770248332, ""max_leaf_nodes"": 0.2083541563952188, ""min_samples_leaf"": 0.16668292616866653, ""max_iter"": 0.14535423032418368}"
histogram gradient boosting (scikit-learn),successive halving,13,0.25,"{""learning_rate"": 0.02147188994807172, ""max_iter"": 288, ""max_leaf_nodes"": 21, ""min_samples_leaf"": 182.79850651790264, ""l2"": 9.395155557310753}",0.18038699724658458,"[""l2""]","{""learning_rate"": 0.2598231994094477, ""l2"": 0.21978548770248332, ""max_leaf_nodes"": 0.2083541563952188, ""min_samples_leaf"": 0.16668292616866653, ""max_iter"": 0.14535423032418368}"
histogram gradient boosting (scikit-learn),successive halving,14,0.25,"{""learning_rate"": 0.11861684307392678, ""max_iter"": 143, ""max_leaf_nodes"": 47, ""min_samples_leaf"": 3675.3553301437705, ""l2"": 7.54988826266449}",0.1703661731364073,"[""l2""]","{""learning_rate"": 0.2598231994094477, ""l2"": 0.21978548770248332, ""max_leaf_nodes"": 0.2083541563952188, ""min_samples_leaf"": 0.16668292616866653, ""max_iter"": 0.14535423032418368}"
histogram gradient boosting (scikit-learn),successive halving,15,0.25,"{""learning_rate"": 0.01987153336214166, ""max_iter"": 160, ""max_leaf_nodes"": 21, ""min_samples_leaf"": 3885.0939856304776, ""l2"": 0.0963569439737949}",0.1740702299728498,"[""l2""]","{""learning_rate"": 0.2598231994094477, ""l2"": 0.21978548770248332, ""max_leaf_nodes"": 0.2083541563952188, ""min_samples_leaf"": 0.16668292616866653, ""max_iter"": 0.14535423032418368}"
histogram gradient boosting (scikit-learn),successive halving,0,0.5,"{""learning_rate"": 0.014997860660373369, ""max_iter"": 195, ""max_leaf_nodes"": 10, ""min_samples_leaf"": 202.72169345775524, ""l2"": 0.04691863196196906}",0.18101321220697417,"[""l2""]","{""learning_rate"": 0.2598231994094477, ""l2"": 0.21978548770248332, ""max_leaf_nodes"": 0.2083541563952188, ""min_samples_leaf"": 0.16668292616866653, ""max_iter"": 0.14535423032418368}"
histogram gradient boosting (scikit-learn),successive halving,1,0.5,"{""learning_rate"": 0.02147188994807172, ""max_iter"": 288, ""max_leaf_nodes"": 21, ""min_samples_leaf"": 182.79850651790264, ""l2"": 9.395155557310753}",0.18085114323278087,"[""l2""]","{""learning_rate"": 0.2598231994094477, ""l2"": 0.21978548770248332, ""max_leaf_nodes"": 0.2083541563952188, ""min_samples_leaf"": 0.16668292616866653, ""max_iter"": 0.14535423032418368}"
histogram gradient boosting (scikit-learn),successive halving,2,0.5,"{""learning_rate"": 0.015357493368750029, ""max_iter"": 208, ""max_leaf_nodes"": 37, ""min_samples_leaf"": 632.4994985196455, ""l2"": 0.0015939659843218264}",0.1803464885409841,"[""l2""]","{""learning_rate"": 0.2598231994094477, ""l2"": 0.21978548770248332, ""max_leaf_nodes"": 0.2083541563952188, ""min_samples_leaf"": 0.16668292616866653, ""max_iter"": 0.14535423032418368}"
histogram gradient boosting (scikit-learn),successive halving,3,0.5,"{""learning_rate"": 0.010441544201735143, ""max_iter"": 340, ""max_leaf_nodes"": 33, ""min_samples_leaf"": 679.2118695510754, ""l2"": 3.275404014118791}",0.18007545157271032,"[""l2""]","{""learning_rate"": 0.2598231994094477, ""l2"": 0.21978548770248332, ""max_leaf_nodes"": 0.2083541563952188, ""min_samples_leaf"": 0.16668292616866653, ""max_iter"": 0.14535423032418368}"
histogram gradient boosting (scikit-learn),successive halving,4,0.5,"{""learning_rate"": 0.07388256780121819, ""max_iter"": 348, ""max_leaf_nodes"": 21, ""min_samples_leaf"": 73.23404730757797, ""l2"": 0.14338221019391523}",0.18051192509678807,"[""l2""]","{""learning_rate"": 0.2598231994094477, ""l2"": 0.21978548770248332, ""max_leaf_nodes"": 0.2083541563952188, ""min_samples_leaf"": 0.16668292616866653, ""max_iter"": 0.14535423032418368}"
histogram gradient boosting (scikit-learn),successive halving,0,1.0,"{""learning_rate"": 0.014997860660373369, ""max_iter"": 195, ""max_leaf_nodes"": 10, ""min_samples_leaf"": 202.72169345775524, ""l2"": 0.04691863196196906}",0.18163866385344588,"[""l2""]","{""learning_rate"": 0.2598231994094477, ""l2"": 0.21978548770248332, ""max_leaf_nodes"": 0.2083541563952188, ""min_samples_leaf"": 0.16668292616866653, ""max_iter"": 0.14535423032418368}"
histogram gradient boosting (scikit-learn),successive halving,1,1.0,"{""learning_rate"": 0.02147188994807172, ""max_iter"": 288, ""max_leaf_nodes"": 21, ""min_samples_leaf"": 182.79850651790264, ""l2"": 9.395155557310753}",0.18185095088722025,"[""l2""]","{""learning_rate"": 0.2598231994094477, ""l2"": 0.21978548770248332, ""max_leaf_nodes"": 0.2083541563952188, ""min_samples_leaf"": 0.16668292616866653, ""max_iter"": 0.14535423032418368}"
histogram gradient boosting (scikit-learn),random search (widened),0,1.0,"{""learning_rate"": 0.015172044905427647, ""max_iter"": 350, ""max_leaf_nodes"": 14, ""min_samples_leaf"": 4338.483005814338, ""l2"": 0.0009416787033991297}",0.18120945969653066,"[""l2""]","{""learning_rate"": 0.2598231994094477, ""l2"": 0.21978548770248332, ""max_leaf_nodes"": 0.2083541563952188, ""min_samples_leaf"": 0.16668292616866653, ""max_iter"": 0.14535423032418368}"
histogram gradient boosting (scikit-learn),random search (widened),1,1.0,"{""learning_rate"": 0.031565362276701744, ""max_iter"": 379, ""max_leaf_nodes"": 59, ""min_samples_leaf"": 4062.9579958281706, ""l2"": 0.029403882946498167}",0.18094634780569976,"[""l2""]","{""learning_rate"": 0.2598231994094477, ""l2"": 0.21978548770248332, ""max_leaf_nodes"": 0.2083541563952188, ""min_samples_leaf"": 0.16668292616866653, ""max_iter"": 0.14535423032418368}"
histogram gradient boosting (scikit-learn),random search (widened),2,1.0,"{""learning_rate"": 0.11402136328578437, ""max_iter"": 119, ""max_leaf_nodes"": 15, ""min_samples_leaf"": 3165.7774498174153, ""l2"": 0.13905189719938746}",0.18110223200230902,"[""l2""]","{""learning_rate"": 0.2598231994094477, ""l2"": 0.21978548770248332, ""max_leaf_nodes"": 0.2083541563952188, ""min_samples_leaf"": 0.16668292616866653, ""max_iter"": 0.14535423032418368}"
histogram gradient boosting (scikit-learn),random search (widened),3,1.0,"{""learning_rate"": 0.1773173077320139, ""max_iter"": 392, ""max_leaf_nodes"": 20, ""min_samples_leaf"": 127.59033300745068, ""l2"": 0.006422173399809736}",0.18153827223125396,"[""l2""]","{""learning_rate"": 0.2598231994094477, ""l2"": 0.21978548770248332, ""max_leaf_nodes"": 0.2083541563952188, ""min_samples_leaf"": 0.16668292616866653, ""max_iter"": 0.14535423032418368}"
histogram gradient boosting (scikit-learn),random search (widened),4,1.0,"{""learning_rate"": 0.10224152762259414, ""max_iter"": 209, ""max_leaf_nodes"": 21, ""min_samples_leaf"": 98.19493936191614, ""l2"": 4.295003733779939}",0.18193437682140767,"[""l2""]","{""learning_rate"": 0.2598231994094477, ""l2"": 0.21978548770248332, ""max_leaf_nodes"": 0.2083541563952188, ""min_samples_leaf"": 0.16668292616866653, ""max_iter"": 0.14535423032418368}"
histogram gradient boosting (scikit-learn),random search (widened),5,1.0,"{""learning_rate"": 0.020539627611859592, ""max_iter"": 369, ""max_leaf_nodes"": 24, ""min_samples_leaf"": 556.0294432647531, ""l2"": 0.00048436533193497777}",0.18196782986098134,"[""l2""]","{""learning_rate"": 0.2598231994094477, ""l2"": 0.21978548770248332, ""max_leaf_nodes"": 0.2083541563952188, ""min_samples_leaf"": 0.16668292616866653, ""max_iter"": 0.14535423032418368}"
histogram gradient boosting (scikit-learn),random search (widened),6,1.0,"{""learning_rate"": 0.14723817383295515, ""max_iter"": 248, ""max_leaf_nodes"": 47, ""min_samples_leaf"": 4517.168050373171, ""l2"": 23.183946417857157}",0.18043481079893153,"[""l2""]","{""learning_rate"": 0.2598231994094477, ""l2"": 0.21978548770248332, ""max_leaf_nodes"": 0.2083541563952188, ""min_samples_leaf"": 0.16668292616866653, ""max_iter"": 0.14535423032418368}"
histogram gradient boosting (scikit-learn),random search (widened),7,1.0,"{""learning_rate"": 0.025688854418098556, ""max_iter"": 184, ""max_leaf_nodes"": 46, ""min_samples_leaf"": 223.84707293838437, ""l2"": 1.5178568300264024}",0.18169544324513368,"[""l2""]","{""learning_rate"": 0.2598231994094477, ""l2"": 0.21978548770248332, ""max_leaf_nodes"": 0.2083541563952188, ""min_samples_leaf"": 0.16668292616866653, ""max_iter"": 0.14535423032418368}"
histogram gradient boosting (scikit-learn),random search (widened),8,1.0,"{""learning_rate"": 0.18105596077950095, ""max_iter"": 305, ""max_leaf_nodes"": 30, ""min_samples_leaf"": 218.62599769144504, ""l2"": 0.034873533272743965}",0.18087932734509884,"[""l2""]","{""learning_rate"": 0.2598231994094477, ""l2"": 0.21978548770248332, ""max_leaf_nodes"": 0.2083541563952188, ""min_samples_leaf"": 0.16668292616866653, ""max_iter"": 0.14535423032418368}"
histogram gradient boosting (scikit-learn),random search (widened),9,1.0,"{""learning_rate"": 0.10576337040299048, ""max_iter"": 196, ""max_leaf_nodes"": 39, ""min_samples_leaf"": 1643.6994044326245, ""l2"": 0.07256450818565746}",0.18128316163263358,"[""l2""]","{""learning_rate"": 0.2598231994094477, ""l2"": 0.21978548770248332, ""max_leaf_nodes"": 0.2083541563952188, ""min_samples_leaf"": 0.16668292616866653, ""max_iter"": 0.14535423032418368}"
extra trees,random search,0,1.0,"{""max_depth"": 15, ""min_samples_leaf"": 150.93392821593855, ""max_features"": 0.9010185439379677}",0.1804169564895858,[],"{""min_samples_leaf"": 0.5227620247591739, ""max_features"": 0.36855432853269987, ""max_depth"": 0.10868364670812618}"
extra trees,random search,1,1.0,"{""max_depth"": 17, ""min_samples_leaf"": 1787.6179172687193, ""max_features"": 0.832797791393247}",0.18110692609829382,[],"{""min_samples_leaf"": 0.5227620247591739, ""max_features"": 0.36855432853269987, ""max_depth"": 0.10868364670812618}"
extra trees,random search,2,1.0,"{""max_depth"": 19, ""min_samples_leaf"": 159.14825146211052, ""max_features"": 0.5595586169628068}",0.1820533878021089,[],"{""min_samples_leaf"": 0.5227620247591739, ""max_features"": 0.36855432853269987, ""max_depth"": 0.10868364670812618}"
extra trees,random search,3,1.0,"{""max_depth"": 8, ""min_samples_leaf"": 884.2055207605598, ""max_features"": 0.6103899391791318}",0.1822664341793554,[],"{""min_samples_leaf"": 0.5227620247591739, ""max_features"": 0.36855432853269987, ""max_depth"": 0.10868364670812618}"
extra trees,random search,4,1.0,"{""max_depth"": 14, ""min_samples_leaf"": 26.83270820337782, ""max_features"": 0.8793418203948073}",0.175735677360061,[],"{""min_samples_leaf"": 0.5227620247591739, ""max_features"": 0.36855432853269987, ""max_depth"": 0.10868364670812618}"
extra trees,random search,5,1.0,"{""max_depth"": 18, ""min_samples_leaf"": 102.34860600627253, ""max_features"": 0.9794886170764322}",0.17875347364007702,[],"{""min_samples_leaf"": 0.5227620247591739, ""max_features"": 0.36855432853269987, ""max_depth"": 0.10868364670812618}"
extra trees,random search,6,1.0,"{""max_depth"": 5, ""min_samples_leaf"": 49.012562754403596, ""max_features"": 0.6267047026089239}",0.1815653983520459,[],"{""min_samples_leaf"": 0.5227620247591739, ""max_features"": 0.36855432853269987, ""max_depth"": 0.10868364670812618}"
extra trees,random search,7,1.0,"{""max_depth"": 19, ""min_samples_leaf"": 464.6520977104511, ""max_features"": 0.821333509135472}",0.18152679588899445,[],"{""min_samples_leaf"": 0.5227620247591739, ""max_features"": 0.36855432853269987, ""max_depth"": 0.10868364670812618}"
extra trees,random search,8,1.0,"{""max_depth"": 7, ""min_samples_leaf"": 110.14109953986508, ""max_features"": 0.6286890678930656}",0.1817014399888408,[],"{""min_samples_leaf"": 0.5227620247591739, ""max_features"": 0.36855432853269987, ""max_depth"": 0.10868364670812618}"
extra trees,random search,9,1.0,"{""max_depth"": 15, ""min_samples_leaf"": 178.8297824064732, ""max_features"": 0.4588365443356189}",0.18249499743807465,[],"{""min_samples_leaf"": 0.5227620247591739, ""max_features"": 0.36855432853269987, ""max_depth"": 0.10868364670812618}"
extra trees,Bayesian (TPE),0,1.0,"{""max_depth"": 10, ""min_samples_leaf"": 1593.890963728786, ""max_features"": 0.8123957592679836}",0.18110550824957694,[],"{""min_samples_leaf"": 0.5227620247591739, ""max_features"": 0.36855432853269987, ""max_depth"": 0.10868364670812618}"
extra trees,Bayesian (TPE),1,1.0,"{""max_depth"": 14, ""min_samples_leaf"": 41.026765261749, ""max_features"": 0.40919616423534183}",0.18110816191786527,[],"{""min_samples_leaf"": 0.5227620247591739, ""max_features"": 0.36855432853269987, ""max_depth"": 0.10868364670812618}"
extra trees,Bayesian (TPE),2,1.0,"{""max_depth"": 4, ""min_samples_leaf"": 1079.8968819574868, ""max_features"": 0.7207805082202461}",0.18195923581103232,[],"{""min_samples_leaf"": 0.5227620247591739, ""max_features"": 0.36855432853269987, ""max_depth"": 0.10868364670812618}"
extra trees,Bayesian (TPE),3,1.0,"{""max_depth"": 16, ""min_samples_leaf"": 21.988671149532394, ""max_features"": 0.978936896513396}",0.17066355784841847,[],"{""min_samples_leaf"": 0.5227620247591739, ""max_features"": 0.36855432853269987, ""max_depth"": 0.10868364670812618}"
extra trees,Bayesian (TPE),4,1.0,"{""max_depth"": 18, ""min_samples_leaf"": 53.17508796654539, ""max_features"": 0.42727747704497043}",0.18150548633948618,[],"{""min_samples_leaf"": 0.5227620247591739, ""max_features"": 0.36855432853269987, ""max_depth"": 0.10868364670812618}"
extra trees,Bayesian (TPE),5,1.0,"{""max_depth"": 7, ""min_samples_leaf"": 81.19223220968608, ""max_features"": 0.6673295021425665}",0.18189712180563697,[],"{""min_samples_leaf"": 0.5227620247591739, ""max_features"": 0.36855432853269987, ""max_depth"": 0.10868364670812618}"
extra trees,Bayesian (TPE),6,1.0,"{""max_depth"": 11, ""min_samples_leaf"": 76.46950449350372, ""max_features"": 0.7282970263056656}",0.1818106016590312,[],"{""min_samples_leaf"": 0.5227620247591739, ""max_features"": 0.36855432853269987, ""max_depth"": 0.10868364670812618}"
extra trees,Bayesian (TPE),7,1.0,"{""max_depth"": 6, ""min_samples_leaf"": 76.7925859960834, ""max_features"": 0.5564532903055842}",0.18177144154027838,[],"{""min_samples_leaf"": 0.5227620247591739, ""max_features"": 0.36855432853269987, ""max_depth"": 0.10868364670812618}"
extra trees,Bayesian (TPE),8,1.0,"{""max_depth"": 11, ""min_samples_leaf"": 743.6728361146413, ""max_features"": 0.4397716475108518}",0.182411178529834,[],"{""min_samples_leaf"": 0.5227620247591739, ""max_features"": 0.36855432853269987, ""max_depth"": 0.10868364670812618}"
extra trees,Bayesian (TPE),9,1.0,"{""max_depth"": 12, ""min_samples_leaf"": 306.09704243662935, ""max_features"": 0.3325152889039984}",0.18076199863887685,[],"{""min_samples_leaf"": 0.5227620247591739, ""max_features"": 0.36855432853269987, ""max_depth"": 0.10868364670812618}"
extra trees,small grid,0,1.0,"{""max_depth"": 8, ""min_samples_leaf"": 50, ""max_features"": 0.5}",0.18221729479342072,[],"{""min_samples_leaf"": 0.5227620247591739, ""max_features"": 0.36855432853269987, ""max_depth"": 0.10868364670812618}"
extra trees,small grid,1,1.0,"{""max_depth"": 8, ""min_samples_leaf"": 50, ""max_features"": 1.0}",0.18124531428006288,[],"{""min_samples_leaf"": 0.5227620247591739, ""max_features"": 0.36855432853269987, ""max_depth"": 0.10868364670812618}"
extra trees,small grid,2,1.0,"{""max_depth"": 8, ""min_samples_leaf"": 500, ""max_features"": 0.5}",0.18259020252453315,[],"{""min_samples_leaf"": 0.5227620247591739, ""max_features"": 0.36855432853269987, ""max_depth"": 0.10868364670812618}"
extra trees,small grid,3,1.0,"{""max_depth"": 8, ""min_samples_leaf"": 500, ""max_features"": 1.0}",0.18135484491925255,[],"{""min_samples_leaf"": 0.5227620247591739, ""max_features"": 0.36855432853269987, ""max_depth"": 0.10868364670812618}"
extra trees,small grid,4,1.0,"{""max_depth"": 14, ""min_samples_leaf"": 50, ""max_features"": 0.5}",0.18111256045757115,[],"{""min_samples_leaf"": 0.5227620247591739, ""max_features"": 0.36855432853269987, ""max_depth"": 0.10868364670812618}"
extra trees,small grid,5,1.0,"{""max_depth"": 14, ""min_samples_leaf"": 50, ""max_features"": 1.0}",0.17632370211129192,[],"{""min_samples_leaf"": 0.5227620247591739, ""max_features"": 0.36855432853269987, ""max_depth"": 0.10868364670812618}"
extra trees,small grid,6,1.0,"{""max_depth"": 14, ""min_samples_leaf"": 500, ""max_features"": 0.5}",0.1816902462589622,[],"{""min_samples_leaf"": 0.5227620247591739, ""max_features"": 0.36855432853269987, ""max_depth"": 0.10868364670812618}"
extra trees,small grid,7,1.0,"{""max_depth"": 14, ""min_samples_leaf"": 500, ""max_features"": 1.0}",0.18074202246941082,[],"{""min_samples_leaf"": 0.5227620247591739, ""max_features"": 0.36855432853269987, ""max_depth"": 0.10868364670812618}"
extra trees,successive halving,0,0.25,"{""max_depth"": 17, ""min_samples_leaf"": 24.466995547508507, ""max_features"": 0.31402071081195176}",0.18051271142226918,[],"{""min_samples_leaf"": 0.5227620247591739, ""max_features"": 0.36855432853269987, ""max_depth"": 0.10868364670812618}"
extra trees,successive halving,1,0.25,"{""max_depth"": 8, ""min_samples_leaf"": 56.29119340834949, ""max_features"": 0.8262545902730308}",0.18161409645318327,[],"{""min_samples_leaf"": 0.5227620247591739, ""max_features"": 0.36855432853269987, ""max_depth"": 0.10868364670812618}"
extra trees,successive halving,2,0.25,"{""max_depth"": 18, ""min_samples_leaf"": 159.62200794739005, ""max_features"": 0.9687202054548663}",0.17996504251450385,[],"{""min_samples_leaf"": 0.5227620247591739, ""max_features"": 0.36855432853269987, ""max_depth"": 0.10868364670812618}"
extra trees,successive halving,3,0.25,"{""max_depth"": 4, ""min_samples_leaf"": 72.12711997491448, ""max_features"": 0.5953997023930839}",0.1806163944926457,[],"{""min_samples_leaf"": 0.5227620247591739, ""max_features"": 0.36855432853269987, ""max_depth"": 0.10868364670812618}"
extra trees,successive halving,4,0.25,"{""max_depth"": 13, ""min_samples_leaf"": 1601.5408796379068, ""max_features"": 0.8867433447879355}",0.18133728344209019,[],"{""min_samples_leaf"": 0.5227620247591739, ""max_features"": 0.36855432853269987, ""max_depth"": 0.10868364670812618}"
extra trees,successive halving,5,0.25,"{""max_depth"": 19, ""min_samples_leaf"": 1553.400197251923, ""max_features"": 0.7152219312249146}",0.18154971592021038,[],"{""min_samples_leaf"": 0.5227620247591739, ""max_features"": 0.36855432853269987, ""max_depth"": 0.10868364670812618}"
extra trees,successive halving,6,0.25,"{""max_depth"": 16, ""min_samples_leaf"": 23.36465132195051, ""max_features"": 0.3829924214646428}",0.18096449132382011,[],"{""min_samples_leaf"": 0.5227620247591739, ""max_features"": 0.36855432853269987, ""max_depth"": 0.10868364670812618}"
extra trees,successive halving,7,0.25,"{""max_depth"": 13, ""min_samples_leaf"": 96.54186980547456, ""max_features"": 0.5100135028575303}",0.18235237789871114,[],"{""min_samples_leaf"": 0.5227620247591739, ""max_features"": 0.36855432853269987, ""max_depth"": 0.10868364670812618}"
extra trees,successive halving,8,0.25,"{""max_depth"": 6, ""min_samples_leaf"": 159.57716832857415, ""max_features"": 0.6887915935129255}",0.18194221111607597,[],"{""min_samples_leaf"": 0.5227620247591739, ""max_features"": 0.36855432853269987, ""max_depth"": 0.10868364670812618}"
extra trees,successive halving,9,0.25,"{""max_depth"": 11, ""min_samples_leaf"": 204.2365633046925, ""max_features"": 0.5127755774006718}",0.18216233279593994,[],"{""min_samples_leaf"": 0.5227620247591739, ""max_features"": 0.36855432853269987, ""max_depth"": 0.10868364670812618}"
extra trees,successive halving,10,0.25,"{""max_depth"": 5, ""min_samples_leaf"": 30.73673126020212, ""max_features"": 0.7115974804125227}",0.18159911406504894,[],"{""min_samples_leaf"": 0.5227620247591739, ""max_features"": 0.36855432853269987, ""max_depth"": 0.10868364670812618}"
extra trees,successive halving,11,0.25,"{""max_depth"": 18, ""min_samples_leaf"": 29.293618923031186, ""max_features"": 0.6773866723587184}",0.17743888938204777,[],"{""min_samples_leaf"": 0.5227620247591739, ""max_features"": 0.36855432853269987, ""max_depth"": 0.10868364670812618}"
extra trees,successive halving,12,0.25,"{""max_depth"": 11, ""min_samples_leaf"": 29.276537303858152, ""max_features"": 0.5243360645655266}",0.1816252838977966,[],"{""min_samples_leaf"": 0.5227620247591739, ""max_features"": 0.36855432853269987, ""max_depth"": 0.10868364670812618}"
extra trees,successive halving,13,0.25,"{""max_depth"": 17, ""min_samples_leaf"": 40.18774671748466, ""max_features"": 0.3027729546065332}",0.18178505761919103,[],"{""min_samples_leaf"": 0.5227620247591739, ""max_features"": 0.36855432853269987, ""max_depth"": 0.10868364670812618}"
extra trees,successive halving,14,0.25,"{""max_depth"": 16, ""min_samples_leaf"": 280.73154338552905, ""max_features"": 0.8609297141395161}",0.18102645084074034,[],"{""min_samples_leaf"": 0.5227620247591739, ""max_features"": 0.36855432853269987, ""max_depth"": 0.10868364670812618}"
extra trees,successive halving,15,0.25,"{""max_depth"": 4, ""min_samples_leaf"": 88.09110728558032, ""max_features"": 0.43565618740754214}",0.18110635885585494,[],"{""min_samples_leaf"": 0.5227620247591739, ""max_features"": 0.36855432853269987, ""max_depth"": 0.10868364670812618}"
extra trees,successive halving,0,0.5,"{""max_depth"": 13, ""min_samples_leaf"": 96.54186980547456, ""max_features"": 0.5100135028575303}",0.18153010148519996,[],"{""min_samples_leaf"": 0.5227620247591739, ""max_features"": 0.36855432853269987, ""max_depth"": 0.10868364670812618}"
extra trees,successive halving,1,0.5,"{""max_depth"": 11, ""min_samples_leaf"": 204.2365633046925, ""max_features"": 0.5127755774006718}",0.18150967451835287,[],"{""min_samples_leaf"": 0.5227620247591739, ""max_features"": 0.36855432853269987, ""max_depth"": 0.10868364670812618}"
extra trees,successive halving,2,0.5,"{""max_depth"": 6, ""min_samples_leaf"": 159.57716832857415, ""max_features"": 0.6887915935129255}",0.18172732008626113,[],"{""min_samples_leaf"": 0.5227620247591739, ""max_features"": 0.36855432853269987, ""max_depth"": 0.10868364670812618}"
extra trees,successive halving,3,0.5,"{""max_depth"": 17, ""min_samples_leaf"": 40.18774671748466, ""max_features"": 0.3027729546065332}",0.1805126836343626,[],"{""min_samples_leaf"": 0.5227620247591739, ""max_features"": 0.36855432853269987, ""max_depth"": 0.10868364670812618}"
extra trees,successive halving,4,0.5,"{""max_depth"": 11, ""min_samples_leaf"": 29.276537303858152, ""max_features"": 0.5243360645655266}",0.1812046337001643,[],"{""min_samples_leaf"": 0.5227620247591739, ""max_features"": 0.36855432853269987, ""max_depth"": 0.10868364670812618}"
extra trees,successive halving,0,1.0,"{""max_depth"": 6, ""min_samples_leaf"": 159.57716832857415, ""max_features"": 0.6887915935129255}",0.18183722680337552,[],"{""min_samples_leaf"": 0.5227620247591739, ""max_features"": 0.36855432853269987, ""max_depth"": 0.10868364670812618}"
extra trees,successive halving,1,1.0,"{""max_depth"": 13, ""min_samples_leaf"": 96.54186980547456, ""max_features"": 0.5100135028575303}",0.18139971634353355,[],"{""min_samples_leaf"": 0.5227620247591739, ""max_features"": 0.36855432853269987, ""max_depth"": 0.10868364670812618}"
