eta,seed,clip,ndcg_true,clicks,max_weight,weight_sd
0.5,0,1.0,0.5100701393810917,5463,1.0,0.0
0.5,0,2.0,0.5067011508518382,5463,1.9856053192344045,0.08211433931320819
0.5,0,5.0,0.4815443812659404,5463,4.4072665194618645,0.18215068361501144
0.5,0,10.0,0.4815443812659404,5463,4.4072665194618645,0.18215068361501144
0.5,0,20.0,0.4815443812659404,5463,4.4072665194618645,0.18215068361501144
0.5,0,1000000000.0,0.4815443812659404,5463,4.4072665194618645,0.18215068361501144
0.5,1,1.0,0.5187931851611721,5443,1.0,0.0
0.5,1,2.0,0.5059443350634107,5443,1.98591961669183,0.0810751698879626
0.5,1,5.0,0.48836527283511705,5443,4.40852148367903,0.18041005223081505
0.5,1,10.0,0.48836527283511705,5443,4.40852148367903,0.18041005223081505
0.5,1,20.0,0.48836527283511705,5443,4.40852148367903,0.18041005223081505
0.5,1,1000000000.0,0.48836527283511705,5443,4.40852148367903,0.18041005223081505
0.5,2,1.0,0.47801352521520485,5618,1.0,0.0
0.5,2,2.0,0.4730951765267777,5618,1.9853527280266727,0.08281595296749875
0.5,2,5.0,0.4598539885397235,5618,4.405944974221651,0.1839554949208025
0.5,2,10.0,0.4598539885397235,5618,4.405944974221651,0.1839554949208025
0.5,2,20.0,0.4598539885397235,5618,4.405944974221651,0.1839554949208025
0.5,2,1000000000.0,0.4598539885397235,5618,4.405944974221651,0.1839554949208025
0.5,3,1.0,0.5307708013895452,5607,1.0,0.0
0.5,3,2.0,0.5272894262664924,5607,1.9855553001901536,0.08210879379593201
0.5,3,5.0,0.5153258638333287,5607,4.406850061146925,0.182915259047503
0.5,3,10.0,0.5153258638333287,5607,4.406850061146925,0.182915259047503
0.5,3,20.0,0.5153258638333287,5607,4.406850061146925,0.182915259047503
0.5,3,1000000000.0,0.5153258638333287,5607,4.406850061146925,0.182915259047503
0.5,4,1.0,0.5289900604860164,5442,1.0,0.0
0.5,4,2.0,0.521238630059902,5442,1.9858363199946016,0.08145487708454133
0.5,4,5.0,0.5105609317651133,5442,4.408523827594819,0.179972487311818
0.5,4,10.0,0.5105609317651133,5442,4.408523827594819,0.179972487311818
0.5,4,20.0,0.5105609317651133,5442,4.408523827594819,0.179972487311818
0.5,4,1000000000.0,0.5105609317651133,5442,4.408523827594819,0.179972487311818
1.0,0,1.0,0.462555558866667,2630,1.0,0.0
1.0,0,2.0,0.4669965569075166,2630,1.9936391084004743,0.05621579252125185
1.0,0,5.0,0.4747448555097295,2630,4.951628160194969,0.18400974910385692
1.0,0,10.0,0.46146749230660955,2630,9.843530287466054,0.3273163476648527
1.0,0,20.0,0.45072374426386297,2630,19.612260931310555,0.44520449964223735
1.0,0,1000000000.0,0.45072374426386297,2630,19.612260931310555,0.44520449964223735
1.0,1,1.0,0.4692195584041073,2665,1.0,0.0
1.0,1,2.0,0.47824028996680934,2665,1.9937127618842907,0.05589145172826403
1.0,1,5.0,0.46190301711285464,2665,4.95303287974121,0.18083308993926203
1.0,1,10.0,0.4600205565230928,2665,9.846371265052728,0.3254933945214867
1.0,1,20.0,0.4484706732855946,2665,19.620623152156515,0.4403277827830202
1.0,1,1000000000.0,0.4484706732855946,2665,19.620623152156515,0.4403277827830202
1.0,2,1.0,0.4656327114219865,2721,1.0,0.0
1.0,2,2.0,0.4670331056613379,2721,1.9935955884451924,0.056406538040569394
1.0,2,5.0,0.4571092088799258,2721,4.951306013395364,0.18445614041023808
1.0,2,10.0,0.44635183140114976,2721,9.841539315097195,0.3303814636825132
1.0,2,20.0,0.44223708895559377,2721,19.6047798719861,0.45183113283468623
1.0,2,1000000000.0,0.44223708895559377,2721,19.6047798719861,0.45183113283468623
1.0,3,1.0,0.484133348057054,2747,1.0,0.0
1.0,3,2.0,0.4902229895662349,2747,1.9935721554101025,0.05650897010132815
1.0,3,5.0,0.47479084394649435,2747,4.952379999226299,0.18142740963745227
1.0,3,10.0,0.47165953517985615,2747,9.846844920719718,0.32275234214358445
1.0,3,20.0,0.46843087134307754,2747,19.619909816101405,0.4400229284803942
1.0,3,1000000000.0,0.46843087134307754,2747,19.619909816101405,0.4400229284803942
1.0,4,1.0,0.4646697878110341,2653,1.0,0.0
1.0,4,2.0,0.45854440619779724,2653,1.9937495906670406,0.05572854616859236
1.0,4,5.0,0.45919964812727504,2653,4.952859312425206,0.18128597422733123
1.0,4,10.0,0.4555740683290077,2653,9.84659992064006,0.32528621323823315
1.0,4,20.0,0.45030228866837624,2653,19.616214271169152,0.44614283787232883
1.0,4,1000000000.0,0.45030228866837624,2653,19.616214271169152,0.44614283787232883
2.0,0,1.0,0.45499786317446905,1174,1.0,0.0
2.0,0,2.0,0.465237810517086,1174,1.9985253965101053,0.027133273249301457
2.0,0,5.0,0.45908564887466025,1174,4.9868109343234925,0.09798738662226739
2.0,0,10.0,0.460326079112938,1174,9.953487124368666,0.18751816268527888
2.0,0,20.0,0.45694253427342457,1174,19.853710906967592,0.32759776518494454
2.0,0,1000000000.0,0.42111299346093894,1174,389.6179845871662,2.133507406093992
2.0,1,1.0,0.4547475498401383,1245,1.0,0.0
2.0,1,2.0,0.4567058334260335,1245,1.9984782989267293,0.027562524368371876
2.0,1,5.0,0.46316487415473057,1245,4.986559591411579,0.09833953497820931
2.0,1,10.0,0.4525761866879812,1245,9.95405459798343,0.18390833341117435
2.0,1,20.0,0.45986462637146497,1245,19.857895053935863,0.32004621041859227
2.0,1,1000000000.0,0.44544002707345637,1245,390.74513767443193,1.873768271487048
2.0,2,1.0,0.4538071772412404,1251,1.0,0.0
2.0,2,2.0,0.45760376530236063,1251,1.9985287607081477,0.027102349960829733
2.0,2,5.0,0.44991825038055794,1251,4.986643369567044,0.09927433794179523
2.0,2,10.0,0.4336840073947897,1251,9.951751724350128,0.1923998841394121
2.0,2,20.0,0.43774125215270854,1251,19.852250191697582,0.32645538555307846
2.0,2,1000000000.0,0.4215361849001643,1251,390.2551352580963,1.956414339687335
2.0,3,1.0,0.4457871334563222,1293,1.0,0.0
2.0,3,2.0,0.44109113965862345,1293,1.9984513870185832,0.027804808750020487
2.0,3,5.0,0.43708296731966056,1293,4.986199377418049,0.10006152370899347
2.0,3,10.0,0.43932107212267857,1293,9.952001985074842,0.18916527208321793
2.0,3,20.0,0.436980697652356,1293,19.855404277876794,0.31821604706078677
2.0,3,1000000000.0,0.423111779778285,1293,353.6087870213823,1.6912948602098032
2.0,4,1.0,0.4506867326777756,1231,1.0,0.0
2.0,4,2.0,0.4448059463406667,1231,1.9985220323233888,0.02716416102291895
2.0,4,5.0,0.43670154353592955,1231,4.986735528789531,0.09842060700258473
2.0,4,10.0,0.435951316336066,1231,9.953036529663997,0.18856022562637662
2.0,4,20.0,0.4351021802945668,1231,19.85387691097521,0.32635429568897817
2.0,4,1000000000.0,0.44573771335534745,1231,390.5401247025693,1.877107646958724
