option,ndcg10,ndcg10_sd,pr_auc,pr_auc_sd,roc_auc,fit_seconds,predict_seconds,size_mb,n_features,folds,seed_spread,group,ms_per_query,vs_reference,breaks_constraint,paired_sd_vs_reference,folds_above_reference
deeper tree (depth 8),0.17772065053425531,0.0037415360435514478,0.053073558966894724,0.0021078667430056127,0.8221662051178514,2.0722572803497314,0.025356411933898926,0.026538000000000003,5,6,0.0006517342559620701,single tree,0.007607030999200155,-0.0038235919039580346,false,0.000815200931176291,0
CatBoost (auto class weights),0.17732177737773824,0.003639967215204827,0.05431625863967713,0.0017800165619569139,0.8265142331708454,5.707103927930196,0.051073312759399414,0.11977533333333333,4,6,0.0009824908813200544,boosting,0.015322245593005455,-0.004222465060475106,false,0.0022568055632870955,0
regularised linear,0.17812272886779523,0.0020710082040999223,0.055420397392553535,0.001640025346731721,0.8202739627783396,0.5313017765680949,0.00533604621887207,0.000709,5,6,0.000019003652835621222,linear,0.0016008016930557586,-0.0034215135704181165,false,0.0014939855716823336,0
LightGBM classifier (class weights),0.17832108100764618,0.004141134371664222,0.057161859671537564,0.0011986147523138763,0.8345989744903872,1.783560872077942,0.5818686485290527,0.3536533333333334,4,6,0.0007921758439984844,boosting,0.174561040841593,-0.0032231614305671674,false,0.00206306934060084,0
random forest,0.1695836614460433,0.003172039874742831,0.05061911311841,0.0019287113455344093,0.7917357700257042,14.317264636357626,1.1534072160720825,13.595169666666665,5,6,0.00012696667215730267,bagged trees,0.3460208581124322,-0.011960580992170039,false,0.0011586239219915377,0
histogram gradient boosting (scikit-learn),0.1808732966760976,0.0035954593839551416,0.056662368539075754,0.0018135945508812776,0.8383760355051292,2.7005091508229575,0.28711970647176105,0.17990899999999999,4,6,0.0007750129104707033,boosting,0.08613532031385923,-0.0006709457621157378,false,0.0016353896829787433,2
"small neural network (32-16, scikit-learn)",0.1680528350034093,0.004440095665651374,0.04947172910626304,0.0020092687637443497,0.803749869718417,4.714413682619731,0.08146468798319499,0.016594,5,6,0.002451142936287361,neural,0.02443921406764455,-0.013491407434804037,false,0.00650459543581083,0
LightGBM lambdarank,0.17668984430194912,0.0027755335582641,0.056380184582741875,0.002465708621943673,0.8377296973446536,3.528614322344462,0.49869847297668457,0.3533826666666667,4,6,0.00013272969010118033,boosting,0.14961033782753602,-0.004854398136264232,false,0.001288880887212926,0
linear SVM (linear kernel),0.1791639302521999,0.0028196066519022987,0.053730868914464526,0.0014308422575372726,0.8262038364915988,0.25902597109476727,0.011032899220784506,0.000692,5,6,0.0002552787860251472,linear,0.003309889881424133,-0.00238031218601345,false,0.0009662127463330706,0
extra trees,0.18072193362982467,0.0038607930154836547,0.05687174253314043,0.0012395478242675027,0.8382535804884338,2.549906094868978,0.6968090534210205,9.6479415,5,6,0.0004880509606968665,bagged trees,0.2090423259685858,-0.0008223088083886831,false,0.0007746886120825695,1
shallow tree (depth 3),0.16959435650617438,0.003923318555094691,0.03591574810527379,0.0018064293583630632,0.8300072273374931,0.9533218145370483,0.010614673296610514,0.002372,5,6,0.0006180781371252206,single tree,0.003184357387025517,-0.011949885932038967,false,0.002681239227462355,0
XGBoost (hist),0.16143987121670395,0.005734430728118392,0.04936688792542452,0.0020096457104915315,0.7995395644855342,2.6037772496541343,0.3306308190027873,0.4169906666666667,4,6,0.0018751606441701266,boosting,0.0991892801478271,-0.020104371221509404,false,0.003050704938026885,0
