item,value,status
primary metric,"NDCG@10 inside the 200-candidate pool, ideal DCG from the full label set, mean over queries",assumed (from AGENTS.md and issues #13/#17; the EDA used PR-AUC only for speed)
error costs,"unknown; a ranking has no fixed cut-off, the operating point is the top-10 result list",assumed; no cost-based threshold is invented (Step 5)
latency limit,"under 100 ms per query (200 candidates) on one Lambda CPU, p95","assumed (serverless architecture, low traffic)"
model size limit,under 50 MB for the frozen artifact,assumed
interpretability,feature importance and a model card are enough; no per-decision explanation required,assumed
prohibited features,"none; identifiers (session, aid) are not used as features (EDA Steps 6, 13)",assumed
compute budget,"one 8 GB laptop CPU, no cloud spend, hours not days; screening on 10,000 queries, finalists on the 40,000",assumed
retraining frequency,weekly (matches the weekly data-arrival plan of the MLOps phase),assumed
sensitive attributes,none in the data; disparity analysis in Step 6 is limited to the synthetic categories and prefix length,assumed
