option,seed,fold,ndcg10,pr_auc,roc_auc,fit_seconds,predict_seconds,size_mb,n_features,queries,base_model,family
"regularised linear + ratios, differences, interactions",42,0,0.1778195487187154,0.05599026540890242,0.8366030070314883,1.575246810913086,0.022899866104125977,0.000785,24,3334,regularised linear,"ratios, differences, interactions"
"regularised linear + ratios, differences, interactions",42,1,0.17861843774483463,0.06653817828299996,0.8474558448506341,1.781313180923462,0.02946305274963379,0.000785,24,3333,regularised linear,"ratios, differences, interactions"
"regularised linear + ratios, differences, interactions",42,2,0.18264183121018307,0.06025421330860038,0.8323947022624939,1.255206823348999,0.04586005210876465,0.000785,24,3333,regularised linear,"ratios, differences, interactions"
"regularised linear + ratios, differences, interactions",43,0,0.1820138246148553,0.05933011843927275,0.8354881254041265,1.146143913269043,0.013211727142333984,0.000785,24,3334,regularised linear,"ratios, differences, interactions"
"regularised linear + ratios, differences, interactions",43,1,0.18057407054362082,0.06281715796718253,0.841481088906633,1.714648962020874,0.023590087890625,0.000785,24,3333,regularised linear,"ratios, differences, interactions"
"regularised linear + ratios, differences, interactions",43,2,0.17688615825891466,0.060761640111681614,0.8294237410335688,1.4442620277404785,0.02472090721130371,0.000785,24,3333,regularised linear,"ratios, differences, interactions"
"LightGBM defaults (class weights) + ratios, differences, interactions",42,0,0.1767516938714317,0.06292731880327906,0.843076191270106,4.472222805023193,0.7606782913208008,0.355995,22,3334,LightGBM defaults (class weights),"ratios, differences, interactions"
"LightGBM defaults (class weights) + ratios, differences, interactions",42,1,0.18087198879552593,0.07183307424655493,0.852603242610881,2.686256170272827,0.8361368179321289,0.356088,22,3333,LightGBM defaults (class weights),"ratios, differences, interactions"
"LightGBM defaults (class weights) + ratios, differences, interactions",42,2,0.1824821342079218,0.0684617436050988,0.8452911024017343,2.606299877166748,0.6782479286193848,0.356371,22,3333,LightGBM defaults (class weights),"ratios, differences, interactions"
"LightGBM defaults (class weights) + ratios, differences, interactions",43,0,0.18255190131930413,0.062227780908988305,0.8440896453122233,3.0104877948760986,0.6687681674957275,0.355574,22,3334,LightGBM defaults (class weights),"ratios, differences, interactions"
"LightGBM defaults (class weights) + ratios, differences, interactions",43,1,0.18227073930975474,0.06655295965096461,0.8500528799718727,2.621703863143921,0.6792378425598145,0.355613,22,3333,LightGBM defaults (class weights),"ratios, differences, interactions"
"LightGBM defaults (class weights) + ratios, differences, interactions",43,2,0.17662119681754426,0.06764160074534674,0.8434009995347529,2.584338903427124,0.6890790462493896,0.356133,22,3333,LightGBM defaults (class weights),"ratios, differences, interactions"
regularised linear + non-linear forms (bins),42,0,0.1759029498752984,0.05540107907867587,0.8295356814934708,1.2376601696014404,0.08323287963867188,0.000921,58,3334,regularised linear,non-linear forms (bins)
regularised linear + non-linear forms (bins),42,1,0.1764691720717393,0.06491517164260502,0.8390483423424566,1.0672581195831299,0.07418298721313477,0.000921,58,3333,regularised linear,non-linear forms (bins)
regularised linear + non-linear forms (bins),42,2,0.1804892880862146,0.05841431770820456,0.8317301557210411,1.2913610935211182,0.07778501510620117,0.000921,58,3333,regularised linear,non-linear forms (bins)
regularised linear + non-linear forms (bins),43,0,0.18143199910209146,0.05823203655631732,0.8365596114808935,1.236825942993164,0.0203399658203125,0.000917,57,3334,regularised linear,non-linear forms (bins)
regularised linear + non-linear forms (bins),43,1,0.17669612425759548,0.0591535888283358,0.8330541896677573,1.2011761665344238,0.05138516426086426,0.000921,58,3333,regularised linear,non-linear forms (bins)
regularised linear + non-linear forms (bins),43,2,0.17502877352150248,0.06000817910903026,0.839440448358681,1.939716100692749,0.05701112747192383,0.000921,58,3333,regularised linear,non-linear forms (bins)
LightGBM defaults (class weights) + non-linear forms (bins),42,0,0.17838951627511976,0.061097206945587006,0.8429533211814759,3.3070998191833496,0.7304849624633789,0.356492,56,3334,LightGBM defaults (class weights),non-linear forms (bins)
LightGBM defaults (class weights) + non-linear forms (bins),42,1,0.17859461081612105,0.06613647885101556,0.8529713501537117,3.1454660892486572,0.7196109294891357,0.356216,56,3333,LightGBM defaults (class weights),non-linear forms (bins)
LightGBM defaults (class weights) + non-linear forms (bins),42,2,0.18383765023801724,0.06631512951515012,0.8447296400422414,3.02072811126709,0.7071890830993652,0.355899,56,3333,LightGBM defaults (class weights),non-linear forms (bins)
LightGBM defaults (class weights) + non-linear forms (bins),43,0,0.18134945553467968,0.06329194788717125,0.8427147202122367,3.128582239151001,0.6997089385986328,0.356023,55,3334,LightGBM defaults (class weights),non-linear forms (bins)
LightGBM defaults (class weights) + non-linear forms (bins),43,1,0.18203368679618812,0.0652386288005133,0.8508210188127749,3.054579973220825,0.6921930313110352,0.355919,56,3333,LightGBM defaults (class weights),non-linear forms (bins)
LightGBM defaults (class weights) + non-linear forms (bins),43,2,0.1776505392307084,0.06457539290228481,0.841861380564261,3.062553882598877,0.6844000816345215,0.356415,56,3333,LightGBM defaults (class weights),non-linear forms (bins)
regularised linear + query-context aggregates,42,0,0.17908353751701186,0.06611055144941949,0.8346431147398926,2.6935269832611084,0.026047945022583008,0.000813,31,3334,regularised linear,query-context aggregates
regularised linear + query-context aggregates,42,1,0.17752012873692646,0.07948777211557344,0.8504945442216179,4.480077028274536,0.01401376724243164,0.000813,31,3333,regularised linear,query-context aggregates
regularised linear + query-context aggregates,42,2,0.18605712739338326,0.07756078042719025,0.8368316273322103,3.441671133041382,0.03571200370788574,0.000813,31,3333,regularised linear,query-context aggregates
regularised linear + query-context aggregates,43,0,0.1831732630594122,0.07476744026546782,0.842613042966182,4.797401189804077,0.026277780532836914,0.000813,31,3334,regularised linear,query-context aggregates
regularised linear + query-context aggregates,43,1,0.17943394983126754,0.07637998244263648,0.8436646778941292,3.7591910362243652,0.03543496131896973,0.000813,31,3333,regularised linear,query-context aggregates
regularised linear + query-context aggregates,43,2,0.17702059815124624,0.07294466718152619,0.8436892923631409,4.270970106124878,0.03448200225830078,0.000813,31,3333,regularised linear,query-context aggregates
LightGBM defaults (class weights) + query-context aggregates,42,0,0.17710589885116138,0.06519994214590025,0.8453252982926476,3.2473738193511963,0.7472813129425049,0.356723,29,3334,LightGBM defaults (class weights),query-context aggregates
LightGBM defaults (class weights) + query-context aggregates,42,1,0.17763045584350565,0.07320185370925347,0.8548699742015056,3.4886536598205566,0.731003999710083,0.356911,29,3333,LightGBM defaults (class weights),query-context aggregates
LightGBM defaults (class weights) + query-context aggregates,42,2,0.18701902897179418,0.07520406995931908,0.8461137954141703,3.3829948902130127,0.7047140598297119,0.356563,29,3333,LightGBM defaults (class weights),query-context aggregates
LightGBM defaults (class weights) + query-context aggregates,43,0,0.18537411627939818,0.0739773828146748,0.8477809936687021,2.874302864074707,0.7239677906036377,0.356773,29,3334,LightGBM defaults (class weights),query-context aggregates
LightGBM defaults (class weights) + query-context aggregates,43,1,0.182976041657861,0.07090933089279597,0.8523699570284149,3.505117893218994,0.7062439918518066,0.35677,29,3333,LightGBM defaults (class weights),query-context aggregates
LightGBM defaults (class weights) + query-context aggregates,43,2,0.1760791469957633,0.06966020454382604,0.8474323737643972,2.9567177295684814,0.7205250263214111,0.356952,29,3333,LightGBM defaults (class weights),query-context aggregates
"regularised linear + time features (hour, weekday)",42,0,0.17709987676747085,0.05482923444745943,0.8377373649297413,1.1461970806121826,0.011853694915771484,0.000773,21,3334,regularised linear,"time features (hour, weekday)"
"regularised linear + time features (hour, weekday)",42,1,0.1796912828931111,0.06549250421462981,0.8480558927579869,1.4054818153381348,0.011361122131347656,0.000773,21,3333,regularised linear,"time features (hour, weekday)"
"regularised linear + time features (hour, weekday)",42,2,0.18641884935142386,0.05917355105076503,0.8399483600625328,1.2094509601593018,0.01133418083190918,0.000773,21,3333,regularised linear,"time features (hour, weekday)"
"regularised linear + time features (hour, weekday)",43,0,0.18537412003323167,0.05819508857129743,0.8415951974541808,1.0633788108825684,0.012059211730957031,0.000773,21,3334,regularised linear,"time features (hour, weekday)"
"regularised linear + time features (hour, weekday)",43,1,0.18117529428252888,0.061176820634451956,0.8432264281818409,1.297070026397705,0.04080677032470703,0.000773,21,3333,regularised linear,"time features (hour, weekday)"
"regularised linear + time features (hour, weekday)",43,2,0.17715013440371555,0.05982860041149682,0.8392469242257282,1.1360819339752197,0.02209186553955078,0.000773,21,3333,regularised linear,"time features (hour, weekday)"
"LightGBM defaults (class weights) + time features (hour, weekday)",42,0,0.17867562003163381,0.06128611804608722,0.8425747800212047,2.7397449016571045,0.6817269325256348,0.355733,19,3334,LightGBM defaults (class weights),"time features (hour, weekday)"
"LightGBM defaults (class weights) + time features (hour, weekday)",42,1,0.17607653328134243,0.06460871389863933,0.8512066639831386,2.470276117324829,0.6571929454803467,0.355416,19,3333,LightGBM defaults (class weights),"time features (hour, weekday)"
"LightGBM defaults (class weights) + time features (hour, weekday)",42,2,0.18572306927444526,0.06720578981042728,0.844137819482687,2.473599910736084,0.6377551555633545,0.355037,19,3333,LightGBM defaults (class weights),"time features (hour, weekday)"
"LightGBM defaults (class weights) + time features (hour, weekday)",43,0,0.18191819932025127,0.0630679756900773,0.8427228677386374,2.502635955810547,0.6463212966918945,0.35496,19,3334,LightGBM defaults (class weights),"time features (hour, weekday)"
"LightGBM defaults (class weights) + time features (hour, weekday)",43,1,0.18099779152063797,0.06407214548682409,0.8515760835576549,2.55303692817688,0.6451389789581299,0.355196,19,3333,LightGBM defaults (class weights),"time features (hour, weekday)"
"LightGBM defaults (class weights) + time features (hour, weekday)",43,2,0.17742219958604133,0.062346722363156595,0.842770982770269,2.5109188556671143,0.6382122039794922,0.355728,19,3333,LightGBM defaults (class weights),"time features (hour, weekday)"
regularised linear + categorical: category frequency,42,0,0.17722558741091518,0.05483808214662943,0.8326461231046545,1.0493152141571045,0.03835797309875488,0.000761,18,3334,regularised linear,categorical: category frequency
regularised linear + categorical: category frequency,42,1,0.1791674362392115,0.06555891365601295,0.8473312147313952,1.2068560123443604,0.007590293884277344,0.000761,18,3333,regularised linear,categorical: category frequency
regularised linear + categorical: category frequency,42,2,0.1822984022579589,0.058685685570651534,0.833838121254401,0.8884108066558838,0.019896984100341797,0.000761,18,3333,regularised linear,categorical: category frequency
regularised linear + categorical: category frequency,43,0,0.18391144544158097,0.0582896738232086,0.8406702452401257,1.1011250019073486,0.015066862106323242,0.000761,18,3334,regularised linear,categorical: category frequency
regularised linear + categorical: category frequency,43,1,0.1776135226881364,0.06083619516750437,0.8354395685935276,1.1349399089813232,0.007776975631713867,0.000761,18,3333,regularised linear,categorical: category frequency
regularised linear + categorical: category frequency,43,2,0.17650400674531466,0.05890608781636913,0.8324052935603474,1.1018340587615967,0.015172004699707031,0.000761,18,3333,regularised linear,categorical: category frequency
LightGBM defaults (class weights) + categorical: category frequency,42,0,0.17970390630451852,0.06153281897677848,0.8420702530031412,2.639509916305542,0.6986792087554932,0.354981,16,3334,LightGBM defaults (class weights),categorical: category frequency
LightGBM defaults (class weights) + categorical: category frequency,42,1,0.1773702505712163,0.0662452360238276,0.8520577204462244,2.2426841259002686,0.6392879486083984,0.354476,16,3333,LightGBM defaults (class weights),categorical: category frequency
LightGBM defaults (class weights) + categorical: category frequency,42,2,0.1836695817386787,0.06419164982250662,0.8437302891158904,2.2098193168640137,0.6778957843780518,0.354681,16,3333,LightGBM defaults (class weights),categorical: category frequency
LightGBM defaults (class weights) + categorical: category frequency,43,0,0.18156476431849983,0.06263365584709249,0.843731521798466,2.275641918182373,0.6818008422851562,0.354629,16,3334,LightGBM defaults (class weights),categorical: category frequency
LightGBM defaults (class weights) + categorical: category frequency,43,1,0.18048557462511125,0.06483525730295142,0.8494660342233363,2.2922937870025635,0.657771110534668,0.354488,16,3333,LightGBM defaults (class weights),categorical: category frequency
LightGBM defaults (class weights) + categorical: category frequency,43,2,0.17750057158549568,0.06263993515840668,0.84322726217424,2.276390790939331,0.6761059761047363,0.355184,16,3333,LightGBM defaults (class weights),categorical: category frequency
regularised linear + categorical: cross-fitted category target rate,42,0,0.17680439827438502,0.05531731979667866,0.8324389016967664,1.036515235900879,0.0076220035552978516,0.000761,18,3334,regularised linear,categorical: cross-fitted category target rate
regularised linear + categorical: cross-fitted category target rate,42,1,0.17818587111018014,0.06464301556636128,0.8433011591898043,1.0088717937469482,0.0175020694732666,0.000761,18,3333,regularised linear,categorical: cross-fitted category target rate
regularised linear + categorical: cross-fitted category target rate,42,2,0.1818418414674811,0.05832558928008438,0.8332129077366788,0.9315478801727295,0.015059947967529297,0.000761,18,3333,regularised linear,categorical: cross-fitted category target rate
regularised linear + categorical: cross-fitted category target rate,43,0,0.1821675206812498,0.05790006539349587,0.8368585863545741,1.01873779296875,0.015186309814453125,0.000761,18,3334,regularised linear,categorical: cross-fitted category target rate
regularised linear + categorical: cross-fitted category target rate,43,1,0.1775465967183207,0.06048788832424029,0.8349766544849548,0.8535962104797363,0.009732723236083984,0.000761,18,3333,regularised linear,categorical: cross-fitted category target rate
regularised linear + categorical: cross-fitted category target rate,43,2,0.17721128351948415,0.05926963074838444,0.8346984419446171,0.9875431060791016,0.014622926712036133,0.000761,18,3333,regularised linear,categorical: cross-fitted category target rate
LightGBM defaults (class weights) + categorical: cross-fitted category target rate,42,0,0.17750377687830254,0.06167801364412134,0.8416966808500677,2.5100998878479004,0.6863589286804199,0.355393,16,3334,LightGBM defaults (class weights),categorical: cross-fitted category target rate
LightGBM defaults (class weights) + categorical: cross-fitted category target rate,42,1,0.17769279870874055,0.06737239628047413,0.8513403958367667,2.3200910091400146,0.7082021236419678,0.355316,16,3333,LightGBM defaults (class weights),categorical: cross-fitted category target rate
LightGBM defaults (class weights) + categorical: cross-fitted category target rate,42,2,0.18319475798713197,0.06788420814116947,0.8429695829909127,2.2252919673919678,0.6724731922149658,0.355586,16,3333,LightGBM defaults (class weights),categorical: cross-fitted category target rate
LightGBM defaults (class weights) + categorical: cross-fitted category target rate,43,0,0.18010938715823782,0.0634942402925215,0.8439725243008547,2.2319626808166504,0.6794970035552979,0.355197,16,3334,LightGBM defaults (class weights),categorical: cross-fitted category target rate
LightGBM defaults (class weights) + categorical: cross-fitted category target rate,43,1,0.18031272587091662,0.06297953628512062,0.8519398078554683,2.3635518550872803,0.6785740852355957,0.355333,16,3333,LightGBM defaults (class weights),categorical: cross-fitted category target rate
LightGBM defaults (class weights) + categorical: cross-fitted category target rate,43,2,0.1759584200028509,0.061814185711093636,0.8434472212357568,2.272054672241211,0.6884641647338867,0.355734,16,3333,LightGBM defaults (class weights),categorical: cross-fitted category target rate
"regularised linear + structure (cluster distances, principal components)",42,0,0.17696404936672025,0.05403658703229646,0.8348908884441248,1.600404977798462,0.0158536434173584,0.000777,22,3334,regularised linear,"structure (cluster distances, principal components)"
"regularised linear + structure (cluster distances, principal components)",42,1,0.18050420884157894,0.06509207588192131,0.8433334930986007,1.3654441833496094,0.011743783950805664,0.000777,22,3333,regularised linear,"structure (cluster distances, principal components)"
"regularised linear + structure (cluster distances, principal components)",42,2,0.18549875774677865,0.05967610066596237,0.8391142614870765,2.0807249546051025,0.017412900924682617,0.000777,22,3333,regularised linear,"structure (cluster distances, principal components)"
"regularised linear + structure (cluster distances, principal components)",43,0,0.18436784992811303,0.05757773063840017,0.8408500278576422,1.4456591606140137,0.011527776718139648,0.000777,22,3334,regularised linear,"structure (cluster distances, principal components)"
"regularised linear + structure (cluster distances, principal components)",43,1,0.18060089571162716,0.0598244555055626,0.840949701218818,2.0185706615448,0.012070178985595703,0.000777,22,3333,regularised linear,"structure (cluster distances, principal components)"
"regularised linear + structure (cluster distances, principal components)",43,2,0.1774310141271556,0.0592224337308179,0.8334856458253934,1.5411841869354248,0.012018203735351562,0.000777,22,3333,regularised linear,"structure (cluster distances, principal components)"
"LightGBM defaults (class weights) + structure (cluster distances, principal components)",42,0,0.17751781544307169,0.06113683276674133,0.8437348871972761,2.595288038253784,0.7099158763885498,0.354891,20,3334,LightGBM defaults (class weights),"structure (cluster distances, principal components)"
"LightGBM defaults (class weights) + structure (cluster distances, principal components)",42,1,0.17919189756378368,0.06994542320036651,0.8538708656724059,2.3504550457000732,0.6547818183898926,0.35505,20,3333,LightGBM defaults (class weights),"structure (cluster distances, principal components)"
"LightGBM defaults (class weights) + structure (cluster distances, principal components)",42,2,0.18529110722043168,0.06722318835150033,0.8457712806249392,2.818632125854492,0.676192045211792,0.355076,20,3333,LightGBM defaults (class weights),"structure (cluster distances, principal components)"
"LightGBM defaults (class weights) + structure (cluster distances, principal components)",43,0,0.18122749525645268,0.06303032816911486,0.8439326223715441,2.358004093170166,0.630303144454956,0.354832,20,3334,LightGBM defaults (class weights),"structure (cluster distances, principal components)"
"LightGBM defaults (class weights) + structure (cluster distances, principal components)",43,1,0.18094814607500767,0.06464969059330519,0.8522685410212039,2.8424839973449707,0.6593201160430908,0.354929,20,3333,LightGBM defaults (class weights),"structure (cluster distances, principal components)"
"LightGBM defaults (class weights) + structure (cluster distances, principal components)",43,2,0.17801646266342833,0.06589141523162244,0.8425184803587268,2.348407745361328,0.6679449081420898,0.355152,20,3333,LightGBM defaults (class weights),"structure (cluster distances, principal components)"
"regularised linear + missingness (count, joint pattern)",42,0,0.17670400645945905,0.0544314273354068,0.8364685699708807,1.1131117343902588,0.012186050415039062,0.000773,21,3334,regularised linear,"missingness (count, joint pattern)"
"regularised linear + missingness (count, joint pattern)",42,1,0.17933368058845178,0.06360493794371218,0.846027102427723,0.8823869228363037,0.02007913589477539,0.000773,21,3333,regularised linear,"missingness (count, joint pattern)"
"regularised linear + missingness (count, joint pattern)",42,2,0.18376443833710848,0.058481596547834115,0.8369817617687327,0.8836450576782227,0.011986017227172852,0.000773,21,3333,regularised linear,"missingness (count, joint pattern)"
"regularised linear + missingness (count, joint pattern)",43,0,0.18404175312154208,0.05821741400721215,0.8416623592337378,1.0941576957702637,0.018765926361083984,0.000773,21,3334,regularised linear,"missingness (count, joint pattern)"
"regularised linear + missingness (count, joint pattern)",43,1,0.17952226285377249,0.060780219026212084,0.840111503937868,0.8617649078369141,0.03808879852294922,0.000773,21,3333,regularised linear,"missingness (count, joint pattern)"
"regularised linear + missingness (count, joint pattern)",43,2,0.17757012014374077,0.05855051427493029,0.8374820931611742,0.9550361633300781,0.020544767379760742,0.000773,21,3333,regularised linear,"missingness (count, joint pattern)"
"LightGBM defaults (class weights) + missingness (count, joint pattern)",42,0,0.17797241927835755,0.06128926377994639,0.8428024371418733,2.7663979530334473,0.727729320526123,0.354296,19,3334,LightGBM defaults (class weights),"missingness (count, joint pattern)"
"LightGBM defaults (class weights) + missingness (count, joint pattern)",42,1,0.17752002400994196,0.06809223167028239,0.8529888440730433,2.420768976211548,0.8225600719451904,0.354208,19,3333,LightGBM defaults (class weights),"missingness (count, joint pattern)"
"LightGBM defaults (class weights) + missingness (count, joint pattern)",42,2,0.1832773109046948,0.0646230368295952,0.8437279107130324,4.386604070663452,2.0139589309692383,0.354046,19,3333,LightGBM defaults (class weights),"missingness (count, joint pattern)"
"LightGBM defaults (class weights) + missingness (count, joint pattern)",43,0,0.18230304456454702,0.06541440281787723,0.8432737222796165,4.618252992630005,0.9270429611206055,0.354152,19,3334,LightGBM defaults (class weights),"missingness (count, joint pattern)"
"LightGBM defaults (class weights) + missingness (count, joint pattern)",43,1,0.17893863034418508,0.06347161054931354,0.8512289065240153,2.565873861312866,0.6692550182342529,0.35432,19,3333,LightGBM defaults (class weights),"missingness (count, joint pattern)"
"LightGBM defaults (class weights) + missingness (count, joint pattern)",43,2,0.17548114453371785,0.06475026561011887,0.841431911043075,2.3908920288085938,0.6872110366821289,0.35425,19,3333,LightGBM defaults (class weights),"missingness (count, joint pattern)"
