option,family,pr_auc,pr_auc_sd,roc_auc,n_features,rows_train,folds
keep as is,linear,0.048004490797433914,0.003572195452470485,0.8351599657440456,18,800000.0,3
keep as is,gbm,0.03824895218984263,0.0020477859271361845,0.840849233062665,18,800000.0,3
cap at 1st/99th percentile,linear,0.04461204848458436,0.002503059101222771,0.8352827548540532,18,800000.0,3
cap at 1st/99th percentile,gbm,0.03640716027210728,0.003123249206134506,0.8409347658548687,18,800000.0,3
cap at 5th/95th percentile,linear,0.039095594004232126,0.0036393731379134597,0.8425994212769853,18,800000.0,3
cap at 5th/95th percentile,gbm,0.03244523244018094,0.0026185450702861635,0.8384827918679946,18,800000.0,3
log1p of the skewed features,linear,0.05873454366777458,0.0029170454125436096,0.8341455589252235,18,800000.0,3
log1p of the skewed features,gbm,0.03806007685892647,0.0021459827210370745,0.8410809321349141,18,800000.0,3
keep + outlier-count flag feature,linear,0.04939226328390917,0.0033001861618798746,0.8336920105020877,19,800000.0,3
keep + outlier-count flag feature,gbm,0.03750061117624375,0.002643028554740102,0.8418816994709557,19,800000.0,3
remove flagged rows (training folds only),linear,0.04650416618633813,0.0037117239551932783,0.8333850538808877,18,785261.0,3
remove flagged rows (training folds only),gbm,0.035522493478535075,0.0024876791018409237,0.8375475386328955,18,785261.0,3
