day,events,click_share,cart_share,order_share,sessions_active
0,916091,0.8977710729610923,0.0774377217983803,0.024791205240527414,146366
1,903362,0.9003112816346049,0.07592415886433124,0.023764559501063803,151074
2,966482,0.8978284127381576,0.07757309499814792,0.024598492263694514,159255
3,924492,0.8954560991333619,0.08074704810858288,0.023796852758055233,154244
4,851035,0.8999418355296785,0.0774621490302984,0.022596015440023032,139912
5,828457,0.9011270349577588,0.07711444287392104,0.02175852216832014,133052
6,1012765,0.8968191041357076,0.07979244938361811,0.023388446480674195,147667
7,820553,0.8970852583562549,0.0784154100953869,0.02449933154835824,129624
8,962314,0.877970184368096,0.08722516766876508,0.03480464796313885,148283
9,874729,0.89837423933584,0.07873066972742415,0.022895090936735835,146069
10,875283,0.9008320737407216,0.07621192231541113,0.0229560039438673,147377
11,908600,0.9015914593880695,0.07652102135152983,0.021887519260400615,154370
12,952675,0.9044805416327709,0.07409032461227597,0.02142913375495316,158413
13,1267809,0.9042655478861563,0.07409396841322313,0.02164048370062052,196232
