feature,pearson,spearman,mutual_info,single_feature_auc,auc_strength,ks,rank_pearson,rank_spearman,rank_mi,rank_auc
rank_covis,-0.10186902236266429,-0.0979010750159785,0.004212419659267564,0.18184438303737194,0.6363112339252561,0.5513272919697618,1.0,1.0,1.0,1.0
rank_pop,0.004291239027854398,0.0030099201025736524,0.001075354417250986,0.5132574186555996,0.02651483731119919,0.21508083925260302,10.0,11.0,6.0,10.0
rrf,0.09973310481358284,0.07057886170667457,0.003310993159398908,0.811156944100414,0.6223138882008279,0.5012023175010698,2.0,5.0,2.0,2.0
log_clicks,-0.002120974439127923,-0.0016665703642147335,0.0007408340723098133,0.492652644684668,0.014694710630663965,0.1455989051490515,14.0,16.0,7.0,15.0
log_clicks_3d,0.00340858725925997,0.0026491682034905113,0.0005127644902457911,0.5116787478148908,0.02335749562978151,0.10531435230352304,11.0,12.0,9.0,11.0
cart_rate,-0.0028807667759040943,-0.0018060253657699746,0.000017763986570291813,0.4920377970812173,0.01592440583756538,0.019828580231065485,12.0,13.0,14.0,13.0
order_rate,-0.0023866366977709306,0.001109954200234571,0.00007938986749675325,0.5048934408730739,0.009786881746147724,0.051099693624304665,13.0,17.0,11.0,16.0
pop_cat_pct,0.01615837227624371,0.006288733264982353,0.0006498505353115687,0.5277250662066137,0.05545013241322749,0.1564164278990159,7.0,9.0,8.0,9.0
item_cat_size,-0.005506582543593589,-0.006664025246918748,0.000053537713372541715,0.4706271630396641,0.05874567392067176,0.05698516217372701,9.0,8.0,13.0,8.0
hours_since_last_seen,0.0011020152943881946,0.0017251009773822919,3.37671520846752e-6,0.5076054329235697,0.015210865847139488,0.00954863614320356,17.0,15.0,16.0,14.0
covis_max,0.0871338165726671,0.09112509409773276,0.0030668944871648568,0.7971034885599649,0.5942069771199299,0.5478147137355585,4.0,4.0,5.0,5.0
covis_mean,0.0875979851808153,0.0922715958580112,0.003246262430970302,0.8008415332566948,0.6016830665133897,0.5479272403366139,3.0,2.0,3.0,3.0
covis_wsum,0.06317274280016491,0.09205104634598019,0.0032172799313497113,0.8001224554865438,0.6002449109730876,0.5483919580658965,5.0,3.0,4.0,4.0
prefix_len,0.00762924461217878,0.010440413015672584,0.0000658625410181337,0.5436265694311009,0.08725313886220176,0.07521696562544578,8.0,7.0,12.0,7.0
prefix_n_cart,0.0016422326562734308,0.0030689341386518523,4.3683457720378765e-6,0.508084956763909,0.016169913527817936,0.015000570817287118,15.0,10.0,15.0,12.0
prefix_n_order,0.0015619202006512446,0.001762860288913443,0.0,0.5014504158342888,0.002900831668577686,0.0007240989873057435,16.0,14.0,17.0,17.0
prefix_share_same_cat,0.022023798159315357,0.022239998054452776,0.0003051840086295127,0.5904799257661083,0.1809598515322166,0.18132817372700044,6.0,6.0,10.0,6.0
