column,mean,sd,min,p1,p5,p25,p50,p75,p95,p99,max,skew,kurtosis,share_zero,n_unique,top_value_share
rank_covis,165.801888125,66.73763917047891,1.0,3.0,16.0,201.0,201.0,201.0,201.0,201.0,201.0,-1.479881592455265,0.5381958010046022,0.0,201,0.7700875
rank_pop,104.2319185,62.368523405548466,1.0,3.0,11.0,51.0,101.0,157.0,201.0,201.0,201.0,0.10696263236437528,-1.2067098323953465,0.0,201,0.122774
rrf,0.009120946784597647,0.0050478437099885295,0.003846153849735856,0.003937007859349251,0.004201680887490511,0.005494505632668734,0.007518797181546688,0.01123595517128706,0.019692422822117805,0.027826087549328804,0.032786883413791656,1.7270384155835186,3.476528358027748,0.0,19903,0.005593625
log_clicks,5.004421930109337,0.994116533662922,0.0,1.945910096168518,3.0910425186157227,4.532599449157715,5.03043794631958,5.579730033874512,6.553933620452881,7.331715106964111,8.64944839477539,-0.5076121312284555,1.6190107006818328,0.000011875,1114,0.005626
log_clicks_3d,3.638019831479609,1.1038179976218954,0.0,0.0,1.6094379425048828,3.1354942321777344,3.6888794898986816,4.290459632873535,5.313206195831299,6.144185543060303,8.058643341064453,-0.5830938529128462,1.4667283053331461,0.014358625,472,0.015751875
cart_rate,0.08250832332688676,0.07118916188782584,0.0010350068332627416,0.004149791318923235,0.010112135671079159,0.036259401589632034,0.0651482418179512,0.10702482610940933,0.2126474827528,0.34019502997398376,2.777125358581543,2.9704138471278476,22.70921177913881,0.0,8918,0.002400125
order_rate,0.026471270344894406,0.03586136079240869,0.00005973873339826241,0.00040148969856090844,0.0009372660424560308,0.0037619033828377724,0.014216368086636066,0.03444916009902954,0.09477578848600388,0.1659078150987625,0.8053299188613892,3.6361429817847997,27.563478260953026,0.0,6126,0.003499
pop_cat_pct,0.04580220137393854,0.10105971599945153,0.00008435970812570304,0.00042680324986577034,0.0017869415460154414,0.00859970785677433,0.018020441755652428,0.034914612770080566,0.1996374875307083,0.598310649394989,0.9997826218605042,4.871795784406734,28.124468341052907,0.0,179514,0.000322375
item_cat_size,5917.071775,2705.1590807398115,1053.0,1135.0,2370.0,3718.0,5693.0,7398.0,11854.0,11854.0,11854.0,0.6087753741534795,-0.3407140113824183,0.0,77,0.0565
item_seen,1.0,0.0,1.0,1.0,1.0,1.0,1.0,1.0,1.0,1.0,1.0,NaN,NaN,0.0,1,1.0
hours_since_last_seen,47.68242642579399,26.212406189005627,0.003175833262503147,5.01241397857666,11.84047794342041,25.2214298248291,46.614112854003906,65.31537628173828,75.63069152832031,132.19366455078125,334.917236328125,1.6047532275080938,29.099074017996692,0.0,6220735,1.5e-6
covis_max,6.508770685960227,38.74459458877801,0.0,0.0,0.0,0.0,0.0,0.0,29.19469451904297,117.48637390136719,4248.400390625,29.2764952160148,1503.7757801105736,0.768075125,875110,0.768075125
covis_mean,3.5407996467839666,25.777965346155867,0.0,0.0,0.0,0.0,0.0,0.0,13.978816032409668,67.08305358886719,4248.400390625,40.867279888612586,2821.553892954005,0.768075125,1538414,0.768075125
covis_wsum,7.889520843498628,64.65580822013953,0.0,0.0,0.0,0.0,0.0,0.0,30.135358810424805,146.8129119873047,38653.078125,83.52452457098119,54297.10111626391,0.768075125,1497134,0.768075125
prefix_len,3.913675,6.998805549326608,1.0,1.0,1.0,1.0,2.0,4.0,14.0,33.0,319.0,9.133819328574214,79.31900311111369,0.0,102,0.45685
prefix_n_cart,0.313325,1.324991571228034,0.0,0.0,0.0,0.0,0.0,0.0,2.0,5.0,100.0,20.132182216541892,74.09420598083143,0.86295,29,0.86295
prefix_n_order,0.02125,0.2728524267915823,0.0,0.0,0.0,0.0,0.0,0.0,0.0,1.0,17.0,24.958570625885223,302.4001742591347,0.988275,13,0.988275
prefix_share_same_cat,0.47052391205190214,0.4658943404689369,0.0,0.0,0.0,0.0,0.36000001430511475,1.0,1.0,1.0,1.0,0.11711230797048583,-1.831749563192239,0.447,425,0.447
