family,slice,rows,positives,pr_auc,base_rate
linear,covis list present,112311,1606,0.0725993844323146,0.014299578848020229
linear,no covis list (rank_covis missing),347089,394,0.0015494023202886672,0.0011351555364762353
linear,prefix length 1,218000,819,0.06990812255619008,0.003756880733944954
linear,prefix length 2-3,119600,519,0.06572740848942712,0.004339464882943143
linear,prefix length 4+,121800,662,0.04925876209945978,0.005435139573070608
linear,category 12,29400,116,0.05726390681912539,0.003945578231292517
linear,category 9,13800,77,0.04103818617715234,0.005579710144927536
linear,category 29,13400,60,0.050814770306448404,0.004477611940298508
gbm,covis list present,112311,1606,0.0720588527217129,0.014299578848020229
gbm,no covis list (rank_covis missing),347089,394,0.003433228795705468,0.0011351555364762353
gbm,prefix length 1,218000,819,0.07057793677548667,0.003756880733944954
gbm,prefix length 2-3,119600,519,0.05933981590042397,0.004339464882943143
gbm,prefix length 4+,121800,662,0.04803386211666157,0.005435139573070608
gbm,category 12,29400,116,0.047317761595890656,0.003945578231292517
gbm,category 9,13800,77,0.04299781811575134,0.005579710144927536
gbm,category 29,13400,60,0.044032266855734296,0.004477611940298508
