category,rows,positives,target_rate,dist_pos,dist_neg,woe,iv_part
62,176400,1159,0.006570294784580499,0.033062330623306234,0.02200153296727096,0.4072824554195683,0.004504868828249053
64,54400,353,0.006488970588235294,0.010069890172585937,0.0067856086890744375,0.39474580002024956,0.0012964563217004387
32,112600,709,0.0062966252220248665,0.020225360148338326,0.014047931278872609,0.3644621248721982,0.0022514388520123363
25,55600,350,0.006294964028776978,0.009984310369419483,0.006936645513559729,0.3641965955545418,0.0011099491648953455
63,66000,406,0.006151515151515152,0.011581800028526601,0.00823533621387216,0.34100071271830135,0.0011411465458831696
53,73600,443,0.006019021739130435,0.012637284267579518,0.009184871960823333,0.31909373484640036,0.0011016431371925074
75,31000,182,0.005870967741935484,0.005191841392098131,0.0038692043698983483,0.29403953368607844,0.00038890757324356744
57,125000,733,0.005864,0.020909998573669947,0.015601739873909988,0.2928450068124341,0.001554497055093368
42,91800,530,0.005773420479302832,0.015119098559406645,0.011458961737965546,0.27718664148632643,0.0010145410329156963
78,82200,467,0.005681265206812652,0.013321922692911138,0.010261590004701853,0.26100320205563743,0.0007987566309781602
22,127200,714,0.0056132075471698115,0.020367993153615746,0.015880335645757755,0.2488831137023037,0.0011169021737852172
60,77200,432,0.005595854922279792,0.012323491655969191,0.00963823353456929,0.2457694830557712,0.0006599545003677652
44,84000,468,0.005571428571428572,0.013350449293966624,0.010487454715632059,0.24137028541206193,0.0006910418185057998
16,114800,633,0.005513937282229965,0.018057338468121523,0.014333683408987757,0.2309399148751839,0.0008599405823808999
34,90200,496,0.005498891352549889,0.014149194123520182,0.01126235021083008,0.22819234703529276,0.0006587556879613022
38,85200,464,0.005446009389671361,0.013236342889744686,0.010638617090262393,0.21847579282071167,0.000567540203572711
73,93400,499,0.005342612419700214,0.014234773926686635,0.011663734024528732,0.19920346719595683,0.0005121600628090079
76,31200,166,0.00532051282051282,0.0047354157752103835,0.003896323201227378,0.1950361921641958,0.00016365342050289917
13,82800,430,0.005193236714975845,0.012266438453858223,0.010341565447093483,0.17069569720339559,0.00032856753991770374
71,101200,523,0.00516798418972332,0.014919412352018257,0.012640011952373808,0.1657958730885339,0.00037791517937740447
59,62800,320,0.005095541401273885,0.009128512337754956,0.00784437306221198,0.15160627173128643,0.00019468356794878568
9,212000,1080,0.005094339622641509,0.030808729139922976,0.02648103659221752,0.15136918692494108,0.0006550793022073015
11,142400,715,0.005021067415730337,0.02039651975467123,0.01778857230024815,0.13680804051491943,0.000356788181005494
20,77600,387,0.004987113402061856,0.0110397946084724,0.009694103349112894,0.12998863786225417,0.00017492457378728355
61,62400,307,0.004919871794871795,0.008757666524033661,0.0077957851560808014,0.11634626788731436,0.0001119113073116598
56,82400,404,0.004902912621359223,0.011524746826415633,0.010294609692847847,0.11287619384345339,0.00013885319754262755
6,71400,349,0.004887955182072829,0.009955783768363998,0.008920463355365291,0.10980577463195297,0.00011368415994159654
14,194400,947,0.004871399176954732,0.027014691199543573,0.024288052208772313,0.10639628574557308,0.00029010426118712
50,51800,247,0.0047683397683397685,0.007046070460704607,0.006472486627340176,0.08490971340098517,0.00004870283890241229
79,63800,302,0.004733542319749216,0.00861503351875624,0.007972183109864537,0.0775503895041722,0.000049853299602467996
55,100400,473,0.004711155378486056,0.013493082299244044,0.012545849343592453,0.07278725055252974,0.00006894648247462571
65,83000,388,0.004674698795180723,0.011068321209527884,0.0103719485821936,0.06498217266681454,0.00004525180630987975
49,147400,687,0.00466078697421981,0.019597774925117672,0.018419838429518345,0.06198777624495817,0.0000730176639199812
36,118600,551,0.004645868465430017,0.015718157181571817,0.014821069072040045,0.05876679811308648,0.00005271899582250403
72,34600,157,0.0045375722543352605,0.004478676365711026,0.004324323645674892,0.03507180303746825,5.4134281954047695e-6
39,75800,336,0.0044327176781002635,0.009584937954642703,0.009474516145434776,0.011587220084596997,1.2794818054316354e-6
77,86400,382,0.004421296296296296,0.010897161603194979,0.010799572376205987,0.008995813397106664,8.778944755608592e-7
45,76800,335,0.004361979166666667,0.00955641135358722,0.009600191840621624,-0.004570806506075536,2.0011213497601097e-7
40,155200,674,0.004342783505154639,0.019226929111396375,0.019400761712729968,-0.009000474587895609,1.5645759108507903e-6
30,119600,514,0.004297658862876254,0.014662672942518898,0.014951264572448397,-0.019490874249046896,5.624903168283337e-6
12,452000,1941,0.004294247787610619,0.055370132648694906,0.05650497272736974,-0.02028832064321099,0.00002302399939492185
7,66800,282,0.004221556886227545,0.008044501497646555,0.008351344547890788,-0.03743373532015287,0.000011486281527671004
17,115200,478,0.004149305555555555,0.013635715304521465,0.01440336373948596,-0.05476929649068678,0.00004204356473518207
18,145400,599,0.004119669876203576,0.017087434032235057,0.018179786552198412,-0.06196700642072313,0.00006768981561826231
47,116800,481,0.004118150684931507,0.013721295107687919,0.014603867321117722,-0.06233736519968389,0.000055017226383667
8,26200,107,0.004083969465648855,0.0030523463129368132,0.003275979934575819,-0.07070646319223393,0.00001581234243696434
46,78000,316,0.004051282051282051,0.00901440593353302,0.009753237467427584,-0.078775320907348,0.00005820169117901248
29,227800,910,0.0039947322212467076,0.025959206960490658,0.028486072408535148,-0.09288893755620725,0.0002347178468163423
70,56000,222,0.0039642857142857145,0.006332905434317501,0.007002935990141802,-0.10057036307009418,0.00006738521626730695
35,98400,387,0.003932926829268293,0.0110397946084724,0.01230554636598244,-0.10854364843543066,0.00013738931377369824
58,178600,690,0.0038633818589025757,0.019683354728284124,0.022336626304387538,-0.12645442538643437,0.00033551793255031623
68,40800,156,0.003823529411764706,0.004450149764655541,0.005102860095079124,-0.13686343490515307,0.00008933217781984906
43,134400,505,0.0037574404761904763,0.01440593353301954,0.016810536670372488,-0.15436569995614136,0.0003711882464142214
69,106600,398,0.003733583489681051,0.011353587220082726,0.013333676503729781,-0.16075915426884252,0.00031831747861589874
10,106400,396,0.0037218045112781956,0.011296534017971758,0.013308817575011503,-0.16393083652571921,0.00032987532683247513
0,116600,422,0.0036192109777015437,0.012038225645414348,0.014586164750666828,-0.19198640224435962,0.0004891696619551362
24,95600,344,0.003598326359832636,0.009813150763086578,0.011959404616102181,-0.19779456530653075,0.000424517347894688
33,163400,582,0.003561811505507956,0.016602481814291827,0.020441823515416613,-0.20803078336675096,0.0007987012616976235
1,151800,539,0.0035507246376811595,0.015375837968906004,0.018990840489168475,-0.21115946916123643,0.0007633420131951552
4,221600,785,0.003542418772563177,0.022393381828555128,0.027723355277406183,-0.21350974762673292,0.001138001285921376
37,55600,196,0.003525179856115108,0.005591213806874911,0.006955980235896167,-0.21840535261339009,0.0002980722931653046
66,55400,193,0.003483754512635379,0.005505634003708458,0.006931246857322932,-0.2302677864635118,0.00032827271615573536
51,110000,383,0.003481818181818182,0.010925688204250463,0.013762430249047544,-0.2308257013251424,0.0006547929719688047
2,139600,485,0.003474212034383954,0.013835401511909855,0.017465908427490708,-0.2330202567982205,0.0008459816537763657
23,60400,209,0.0034602649006622516,0.005962059620596206,0.007556988780211288,-0.2370568060434027,0.0003780888124438397
19,63600,216,0.0033962264150943396,0.0061617458279845955,0.007957870393329772,-0.2558012745098311,0.00045945095299371256
15,128800,425,0.003299689440993789,0.0121238054485808,0.016117499869741723,-0.2847347178553608,0.001137143454209784
74,99600,328,0.0032931726907630523,0.00935672514619883,0.012463613998590072,-0.28671816761922997,0.000890801478754229
21,83800,267,0.0031861575178997615,0.007616602481814292,0.010487580265777102,-0.31986132349371726,0.0009183147536994038
48,78800,248,0.0031472081218274113,0.007074597061760091,0.00986221499332387,-0.33220029823306213,0.0009260475082253193
52,63800,191,0.002993730407523511,0.0054485808015974895,0.007986119175964177,-0.38234976025294853,0.0009702271890717598
54,119000,356,0.0029915966386554623,0.010155469975752389,0.014895771408339918,-0.3830649003820209,0.0018158430960548927
3,61400,182,0.002964169381107492,0.005191841392098131,0.007685928779169222,-0.3923027953754831,0.0009784374538587236
5,44600,130,0.002914798206278027,0.003708458137212951,0.005583214950009071,-0.40914857259807785,0.0007670540739240544
67,60000,172,0.0028666666666666667,0.004906575381543289,0.007511414077561113,-0.42584752051468233,0.0011092641000398887
27,51400,145,0.002821011673151751,0.004136357153045215,0.006435072684117718,-0.4419476503458456,0.0010159119277709954
41,55200,154,0.002789855072463768,0.0043930965625445725,0.006911033283971201,-0.4530848154290855,0.0011408388946897007
31,92000,251,0.0027282608695652173,0.0071601768649265434,0.011519100257440571,-0.4754718670919931,0.0020725454439496096
28,64000,169,0.002640625,0.004820995578376836,0.008013991308163458,-0.5082084693676722,0.0016227074725323727
26,40000,103,0.002575,0.0029382399087148764,0.005009074136732896,-0.5334403634005553,0.001104666563136241
