feature,PC1,PC2,PC3
rank_covis,-0.13019805415016958,-0.3371898200488248,0.029786714414071297
rank_pop,0.10024119929735652,-0.03415922175756596,0.006240978231996546
log_clicks,-0.2216793110351843,0.10485861808044473,-0.055615815626994025
log_clicks_3d,-0.19546263018062093,0.09962417390106695,-0.04043940747863421
cart_rate,0.03921300080275519,0.018961664235970357,0.6217832569654451
order_rate,0.0379311094428994,0.02246845022703922,0.7712488284095045
pop_cat_pct,0.903682053098484,-0.24742865444132783,-0.07077589588507963
item_cat_size,-0.020309279073868244,0.0018136422498100666,-0.009804856164735578
hours_since_last_seen,0.04460479417256365,-0.010645774757361672,-0.010907722285715309
covis_max,0.15893297336113246,0.5418718328919593,-0.012857367614247493
covis_mean,0.1083610439265215,0.4404157943372559,-0.026498660052627434
covis_wsum,0.15703156659027692,0.5527839975512076,-0.016292338017357057
prefix_len,0.03240928624676241,0.05606109175325967,0.05649653584036183
prefix_n_cart,0.007600538698774928,0.012797747091423973,0.04494324100330524
prefix_n_order,0.00027680613638437823,0.0007416748641634482,0.003171301550438993
prefix_share_same_cat,0.029396435839317555,0.07446776911533609,-0.03642911478821928
