column,mad_zero,iqr,zscore,modified_z,percentile,jaccard_iqr_z
rank_covis,true,0.2299125,0.0,0.0,0.0078685,0.0
rank_pop,false,0.0,0.0,0.0,0.01,0.0
rrf,false,0.048877125,0.023495375,0.045133125,0.01957825,0.48070288504080383
log_clicks,false,0.05945125,0.0136605,0.02573975,0.017757875,0.22977649755051407
log_clicks_3d,false,0.06090175,0.01607075,0.016483625,0.009989,0.2638799377686191
cart_rate,false,0.049594875,0.017092375,0.035067,0.0199305,0.34463994515562346
order_rate,false,0.068414125,0.0200465,0.07896975,0.019905125,0.29301697566109336
pop_cat_pct,false,0.106931375,0.027634125,0.104323375,0.0199755,0.2584285949750483
item_cat_size,false,0.0,0.0,0.0,0.0039,0.0
item_seen,true,0.0,1.0,0.0,0.0,0.0
hours_since_last_seen,false,0.011212,0.011009125,0.007465,0.02,0.9819055476275419
covis_max,true,0.231924875,0.00941025,0.0,0.01,0.0405745610512887
covis_mean,true,0.231924875,0.007865125,0.0,0.009999625,0.03391238218841338
covis_wsum,true,0.231924875,0.006748875,0.0,0.01,0.02909940126086087
prefix_len,false,0.1018,0.0181,0.119725,0.00975,0.17779960707269155
prefix_n_cart,true,0.13705,0.0144,0.0,0.00985,0.10507114191900765
prefix_n_order,true,0.011725,0.011725,0.0,0.0039,1.0
prefix_share_same_cat,false,0.0,0.0,0.0,0.0,0.0
