option,family,fold,pr_auc,roc_auc,rows_train,rows_val,n_features,positives_train,mean_pred,base_rate
none,linear,0,0.05769378925900791,0.8278351435645165,800000,400000,18,3553,0.004424824845045805,0.0043625
none,gbm,0,0.03556918602687958,0.8378420443712918,800000,400000,16,3553,0.0048543866399582605,0.0043625
none,linear,1,0.06073018255834768,0.8518734368796521,800000,400000,18,3562,0.004483079072088003,0.00434
none,gbm,1,0.03697131565553108,0.8450364002292994,800000,400000,16,3562,0.0050473486494116765,0.00434
none,linear,2,0.06103762677736641,0.8372702691021848,800000,400000,18,3481,0.004344156943261623,0.0045425
none,gbm,2,0.0394280090092184,0.8364807733515847,800000,400000,16,3481,0.00465033793440361,0.0045425
class weights,linear,0,0.05120749834953135,0.8413545956700288,800000,400000,18,3553,0.30737143754959106,0.0043625
class weights,gbm,0,0.05445908127492611,0.8393717103759132,800000,400000,16,3553,0.255045256182211,0.0043625
class weights,linear,1,0.0514151237358612,0.8555307526022384,800000,400000,18,3562,0.31938329339027405,0.00434
class weights,gbm,1,0.06055193528723284,0.848217484360234,800000,400000,16,3562,0.2668696896007524,0.00434
class weights,linear,2,0.053522683641015846,0.8463023830604677,800000,400000,18,3481,0.31068524718284607,0.0045425
class weights,gbm,2,0.06401272683796712,0.8364599771788611,800000,400000,16,3481,0.2581271341720594,0.0045425
undersample 10:1,linear,0,0.05578005777843511,0.8369873940394483,39083,400000,18,3553,0.0677114799618721,0.0043625
undersample 10:1,gbm,0,0.05286210529742148,0.8457982418213497,39083,400000,16,3553,0.06611166242958413,0.0043625
undersample 10:1,linear,1,0.05597421880499503,0.8550744454723824,39182,400000,18,3562,0.07002705335617065,0.00434
undersample 10:1,gbm,1,0.060176180322606,0.8511893272910422,39182,400000,16,3562,0.06887630222961943,0.00434
undersample 10:1,linear,2,0.05793719991918498,0.8442749981001689,38291,400000,18,3481,0.06836404651403427,0.0045425
undersample 10:1,gbm,2,0.058042352965022304,0.842150550051374,38291,400000,16,3481,0.0671533022377214,0.0045425
undersample 1:1,linear,0,0.048410565659311365,0.8388576130417658,7106,400000,18,3553,0.3097042143344879,0.0043625
undersample 1:1,gbm,0,0.044928378883649915,0.8353446912154273,7106,400000,16,3553,0.3038851208092858,0.0043625
undersample 1:1,linear,1,0.051519792345433926,0.8566929241629873,7124,400000,18,3562,0.32115715742111206,0.00434
undersample 1:1,gbm,1,0.04552643684412169,0.8474913548475499,7124,400000,16,3562,0.3144165146845555,0.00434
undersample 1:1,linear,2,0.05376062228975823,0.8471210792858149,6962,400000,18,3481,0.3125326633453369,0.0045425
undersample 1:1,gbm,2,0.0538054498386908,0.838710081325931,6962,400000,16,3481,0.3031551855164182,0.0045425
oversample random to 1:10,linear,0,0.05655062229501158,0.8362088889283799,876091,400000,18,79644,0.06809298694133759,0.0043625
oversample random to 1:10,gbm,0,0.05518225989095858,0.8432198359325365,876091,400000,16,79644,0.060792488760422585,0.0043625
oversample random to 1:10,linear,1,0.05682914427076316,0.8551877764706197,876081,400000,18,79643,0.07009395211935043,0.00434
oversample random to 1:10,gbm,1,0.06259946482027774,0.852961150789588,876081,400000,16,79643,0.06292069453572305,0.00434
oversample random to 1:10,linear,2,0.058903832699920465,0.8438990332628342,876170,400000,18,79651,0.06812919676303864,0.0045425
oversample random to 1:10,gbm,2,0.06376832568476387,0.8420363521660379,876170,400000,16,79651,0.06041945740731089,0.0045425
SMOTE to 1:10,linear,0,0.056796019813106856,0.8358850607551949,876091,400000,18,79644,0.06766408681869507,0.0043625
SMOTE to 1:10,gbm,0,0.04587440285348063,0.8161690064885139,876091,400000,16,79644,0.0245556378445732,0.0043625
SMOTE to 1:10,linear,1,0.057547878467061574,0.8544026293005653,876081,400000,18,79643,0.07005023956298828,0.00434
SMOTE to 1:10,gbm,1,0.04630562559315697,0.832242102094056,876081,400000,16,79643,0.0242792974108175,0.00434
SMOTE to 1:10,linear,2,0.05894456734964903,0.8390081842200225,876170,400000,18,79651,0.06779184937477112,0.0045425
SMOTE to 1:10,gbm,2,0.0502123554910645,0.8223409750735479,876170,400000,16,79651,0.023199898731000868,0.0045425
