option,family,positives_train,rows_train,mean_predicted_probability,true_rate
none,linear,3532.0,800000.0,0.00441735362013181,0.004415
none,gbm,3532.0,800000.0,0.004850691074591182,0.004415
class weights,linear,3532.0,800000.0,0.3124799927075704,0.004415
class weights,gbm,3532.0,800000.0,0.2600140266516743,0.004415
undersample 10:1,linear,3532.0,38852.0,0.06870085994402568,0.004415
undersample 10:1,gbm,3532.0,38852.0,0.06738042229897499,0.004415
undersample 1:1,linear,3532.0,7064.0,0.31446467836697894,0.004415
undersample 1:1,gbm,3532.0,7064.0,0.3071522736700865,0.004415
oversample random to 1:10,linear,79646.0,876114.0,0.06877204527457555,0.004415
oversample random to 1:10,gbm,79646.0,876114.0,0.06137754690115218,0.004415
SMOTE to 1:10,linear,79646.0,876114.0,0.06850205858548482,0.004415
SMOTE to 1:10,gbm,79646.0,876114.0,0.02401161132879719,0.004415
