option,family,fold,pr_auc,roc_auc,rows_train,rows_val,n_features
small sample: median + indicator,linear,0,0.06997705109559162,0.86495883116723,66600,33400,20
small sample: median + indicator,gbm,0,0.041301939415380635,0.8227940602330077,66600,33400,20
small sample: median + indicator,linear,1,0.04609033291566274,0.8374137706160498,66600,33400,20
small sample: median + indicator,gbm,1,0.02525367291509161,0.8030984069964197,66600,33400,20
small sample: median + indicator,linear,2,0.03805678252049431,0.8343710558321418,66800,33200,20
small sample: median + indicator,gbm,2,0.0239200915592306,0.7807517875076359,66800,33200,20
small sample: sentinel 201 + indicator,linear,0,0.06530392636621415,0.8715647487421806,66600,33400,20
small sample: sentinel 201 + indicator,gbm,0,0.04000854656427269,0.8129099498429577,66600,33400,20
small sample: sentinel 201 + indicator,linear,1,0.04670663491644751,0.837411715797381,66600,33400,20
small sample: sentinel 201 + indicator,gbm,1,0.02874228341335917,0.8038852943981967,66600,33400,20
small sample: sentinel 201 + indicator,linear,2,0.03778523145717969,0.8366429848259164,66800,33200,20
small sample: sentinel 201 + indicator,gbm,2,0.02144769191237707,0.7919764325173508,66800,33200,20
"small sample: KNN (k=5, 8,000 reference rows)",linear,0,0.06220092476682659,0.8514708932772607,66600,33400,18
"small sample: KNN (k=5, 8,000 reference rows)",gbm,0,0.03745137458701226,0.8121752980947073,66600,33400,18
"small sample: KNN (k=5, 8,000 reference rows)",linear,1,0.04588524460163656,0.8220001431884167,66600,33400,18
"small sample: KNN (k=5, 8,000 reference rows)",gbm,1,0.038698074214515404,0.7925075471326737,66600,33400,18
"small sample: KNN (k=5, 8,000 reference rows)",linear,2,0.03630411731285201,0.82215151741941,66800,33200,18
"small sample: KNN (k=5, 8,000 reference rows)",gbm,2,0.028949365300374647,0.7930019023624661,66800,33200,18
small sample: iterative (BayesianRidge),linear,0,0.06537471747328018,0.8714310773803615,66600,33400,18
small sample: iterative (BayesianRidge),gbm,0,0.02544312544381473,0.841050042621265,66600,33400,18
small sample: iterative (BayesianRidge),linear,1,0.04540893480728822,0.8184747232429624,66600,33400,18
small sample: iterative (BayesianRidge),gbm,1,0.02451466697158471,0.8014454675999436,66600,33400,18
small sample: iterative (BayesianRidge),linear,2,0.03641577142605902,0.8355827439365371,66800,33200,18
small sample: iterative (BayesianRidge),gbm,2,0.026100997261445845,0.7933567877824927,66800,33200,18
