feature,vif
rrf,18.592865625869166
rank_covis,16.10696702065374
log_clicks,10.041029296351297
rank_pop,9.626583155597755
log_clicks_3d,4.960951293526691
covis_max,4.335704583630816
covis_mean,3.8296553403962137
cart_rate,3.1524225205395737
order_rate,3.1320908752822416
pop_cat_pct,2.637807530506111
covis_wsum,2.413686736072818
prefix_len,1.868817656192532
prefix_n_cart,1.8267296525349817
hours_since_last_seen,1.238776156344059
prefix_share_same_cat,1.205320294038948
item_cat_size,1.152610381666599
prefix_n_order,1.0616360941350231
