feature,psi,verdict
hours_since_last_seen,11.261576791803497,shifted
prefix_share_same_cat,0.006396207442300891,stable
item_cat_size,0.004107275574811525,stable
prefix_len,0.0036480423272136847,stable
covis_mean,0.0010045457618979886,stable
prefix_n_cart,0.0007744814553576752,stable
rank_covis,0.0006485172491910729,stable
pop_cat_pct,0.000601016048248319,stable
covis_wsum,0.0005768679208080542,stable
log_clicks,0.00047715833858675335,stable
covis_max,0.0004566337059308431,stable
order_rate,0.0003695246576554682,stable
log_clicks_3d,0.0003089110769942693,stable
cart_rate,0.00029018282202469315,stable
rank_pop,0.00007503725771024496,stable
prefix_n_order,0.0,stable
