feature,decile,rows,target_rate,feature_range
rank_covis,1,796711,0.026788885806773095,1 to 35
rank_covis,2,799780,0.006047913176123434,35 to 91
rank_covis,3,6403509,0.0013859588547466709,91 to 201
rrf,1,773709,0.000656577602173427,0.00385 to 0.0045
rrf,2,794378,0.0006923655992487204,0.0045 to 0.00513
rrf,3,823761,0.0009917925223456804,0.00513 to 0.00585
rrf,4,770932,0.0012880513456439739,0.00585 to 0.00658
rrf,5,810041,0.0015184416591258962,0.00658 to 0.00752
rrf,6,795458,0.001935991592265085,0.00752 to 0.0087
rrf,7,819296,0.0024240323399601607,0.0087 to 0.0103
rrf,8,806565,0.003679802619751663,0.0103 to 0.0125
rrf,9,769048,0.006703092654814784,0.0125 to 0.0154
rrf,10,836812,0.0230732828879127,0.0154 to 0.0328
covis_mean,1,6400000,0.0014825,0 to 0.665
covis_mean,2,800000,0.00983625,0.665 to 5.03
covis_mean,3,800000,0.0221225,5.03 to 4.25e+03
covis_wsum,1,6400000,0.00149828125,0 to 1.79
covis_wsum,2,800000,0.0099025,1.79 to 11.6
covis_wsum,3,800000,0.02193,11.6 to 3.87e+04
covis_max,1,6400000,0.001538125,0 to 1.99
covis_max,2,800000,0.0104925,1.99 to 12.3
covis_max,3,800000,0.02102125,12.3 to 4.25e+03
